User Id,Username,Comment Id,Comment Text,Profile URL,Avatar URL,Date
36169270247,ri_z_an__,18055199111420127,🤍,https://www.instagram.com/ri_z_an__,https://scontent-pnq1-2.cdninstagram.com/v/t51.2885-19/505153303_18057235679206248_4559858488178752843_n.jpg?stp=dst-jpg_s150x150_tt6&efg=eyJ2ZW5jb2RlX3RhZyI6InByb2ZpbGVfcGljLmRqYW5nby4xMDgwLmMyIn0&_nc_ht=scontent-pnq1-2.cdninstagram.com&_nc_cat=100&_nc_oc=Q6cZ2QE8X-uu3IpxsIKK7iaTZCpv2jgsfgAIXP6r9rENZA9gPQedgNXl4Pp2gFnER6tWR4s&_nc_ohc=993hKvNYW24Q7kNvwFKK0Ks&_nc_gid=Mkpa0NSV8op2Cf_DUcA0ng&edm=AI-cjbYBAAAA&ccb=7-5&oh=00_AfWZpLrkRXgyQQ93vp-5W-rGryAFkS_beK_Y1tAqpbn3LA&oe=689ABD2F&_nc_sid=0985b0,"07/08/2025, 23:38:10"
36169270247,niihhx_,17995930235815490,🤍,https://www.instagram.com/niihhx_,https://scontent-pnq1-2.cdninstagram.com/v/t51.2885-19/505153303_18057235679206248_4559858488178752843_n.jpg?stp=dst-jpg_s150x150_tt6&efg=eyJ2ZW5jb2RlX3RhZyI6InByb2ZpbGVfcGljLmRqYW5nby4xMDgwLmMyIn0&_nc_ht=scontent-pnq1-2.cdninstagram.com&_nc_cat=100&_nc_oc=Q6cZ2QE8X-uu3IpxsIKK7iaTZCpv2jgsfgAIXP6r9rENZA9gPQedgNXl4Pp2gFnER6tWR4s&_nc_ohc=993hKvNYW24Q7kNvwFKK0Ks&_nc_gid=Mkpa0NSV8op2Cf_DUcA0ng&edm=AI-cjbYBAAAA&ccb=7-5&oh=00_AfWZpLrkRXgyQQ93vp-5W-rGryAFkS_beK_Y1tAqpbn3LA&oe=689ABD2F&_nc_sid=0985b0,"07/08/2025, 23:38:11"
36169270247,shabieeeeee,18180189175327104,😍,https://www.instagram.com/shabieeeeee,https://scontent-pnq1-2.cdninstagram.com/v/t51.2885-19/505153303_18057235679206248_4559858488178752843_n.jpg?stp=dst-jpg_s150x150_tt6&efg=eyJ2ZW5jb2RlX3RhZyI6InByb2ZpbGVfcGljLmRqYW5nby4xMDgwLmMyIn0&_nc_ht=scontent-pnq1-2.cdninstagram.com&_nc_cat=100&_nc_oc=Q6cZ2QE8X-uu3IpxsIKK7iaTZCpv2jgsfgAIXP6r9rENZA9gPQedgNXl4Pp2gFnER6tWR4s&_nc_ohc=993hKvNYW24Q7kNvwFKK0Ks&_nc_gid=Mkpa0NSV8op2Cf_DUcA0ng&edm=AI-cjbYBAAAA&ccb=7-5&oh=00_AfWZpLrkRXgyQQ93vp-5W-rGryAFkS_beK_Y1tAqpbn3LA&oe=689ABD2F&_nc_sid=0985b0,"07/08/2025, 23:38:11"
36169270247,shabieeeeee,18075261821315298,🔥,https://www.instagram.com/shabieeeeee,https://scontent-pnq1-2.cdninstagram.com/v/t51.2885-19/505153303_18057235679206248_4559858488178752843_n.jpg?stp=dst-jpg_s150x150_tt6&efg=eyJ2ZW5jb2RlX3RhZyI6InByb2ZpbGVfcGljLmRqYW5nby4xMDgwLmMyIn0&_nc_ht=scontent-pnq1-2.cdninstagram.com&_nc_cat=100&_nc_oc=Q6cZ2QE8X-uu3IpxsIKK7iaTZCpv2jgsfgAIXP6r9rENZA9gPQedgNXl4Pp2gFnER6tWR4s&_nc_ohc=993hKvNYW24Q7kNvwFKK0Ks&_nc_gid=Mkpa0NSV8op2Cf_DUcA0ng&edm=AI-cjbYBAAAA&ccb=7-5&oh=00_AfWZpLrkRXgyQQ93vp-5W-rGryAFkS_beK_Y1tAqpbn3LA&oe=689ABD2F&_nc_sid=0985b0,"07/08/2025, 23:38:13"
36169270247,shabieeeeee,18087695398756508,🤍,https://www.instagram.com/shabieeeeee,https://scontent-pnq1-2.cdninstagram.com/v/t51.2885-19/505153303_18057235679206248_4559858488178752843_n.jpg?stp=dst-jpg_s150x150_tt6&efg=eyJ2ZW5jb2RlX3RhZyI6InByb2ZpbGVfcGljLmRqYW5nby4xMDgwLmMyIn0&_nc_ht=scontent-pnq1-2.cdninstagram.com&_nc_cat=100&_nc_oc=Q6cZ2QE8X-uu3IpxsIKK7iaTZCpv2jgsfgAIXP6r9rENZA9gPQedgNXl4Pp2gFnER6tWR4s&_nc_ohc=993hKvNYW24Q7kNvwFKK0Ks&_nc_gid=Mkpa0NSV8op2Cf_DUcA0ng&edm=AI-cjbYBAAAA&ccb=7-5&oh=00_AfWZpLrkRXgyQQ93vp-5W-rGryAFkS_beK_Y1tAqpbn3LA&oe=689ABD2F&_nc_sid=0985b0,"07/08/2025, 23:38:15"
36169270247,shabieeeeee,18519964282038498,😍,https://www.instagram.com/shabieeeeee,https://scontent-pnq1-2.cdninstagram.com/v/t51.2885-19/505153303_18057235679206248_4559858488178752843_n.jpg?stp=dst-jpg_s150x150_tt6&efg=eyJ2ZW5jb2RlX3RhZyI6InByb2ZpbGVfcGljLmRqYW5nby4xMDgwLmMyIn0&_nc_ht=scontent-pnq1-2.cdninstagram.com&_nc_cat=100&_nc_oc=Q6cZ2QE8X-uu3IpxsIKK7iaTZCpv2jgsfgAIXP6r9rENZA9gPQedgNXl4Pp2gFnER6tWR4s&_nc_ohc=993hKvNYW24Q7kNvwFKK0Ks&_nc_gid=Mkpa0NSV8op2Cf_DUcA0ng&edm=AI-cjbYBAAAA&ccb=7-5&oh=00_AfWZpLrkRXgyQQ93vp-5W-rGryAFkS_beK_Y1tAqpbn3LA&oe=689ABD2F&_nc_sid=0985b0,"07/08/2025, 23:38:16"
48885866123,sameesht,18024800027513060,❤️,https://www.instagram.com/sameesht,https://scontent-pnq1-2.cdninstagram.com/v/t51.2885-19/255162622_145937637767933_6859061007078085088_n.jpg?stp=dst-jpg_s150x150_tt6&efg=eyJ2ZW5jb2RlX3RhZyI6InByb2ZpbGVfcGljLmRqYW5nby4xMDgwLmMyIn0&_nc_ht=scontent-pnq1-2.cdninstagram.com&_nc_cat=105&_nc_oc=Q6cZ2QE8X-uu3IpxsIKK7iaTZCpv2jgsfgAIXP6r9rENZA9gPQedgNXl4Pp2gFnER6tWR4s&_nc_ohc=ApmZQ3J48vsQ7kNvwEpT9Q1&_nc_gid=Mkpa0NSV8op2Cf_DUcA0ng&edm=AI-cjbYBAAAA&ccb=7-5&oh=00_AfUeZR8QoVJrFWebEJKklwcRXRRus7fbS1J8CaseLXkaug&oe=689AD39A&_nc_sid=0985b0,"07/08/2025, 23:39:21"
1688608621,shamilnmshami,18119982718492263,❤️❤️❤️❤️🔥🔥🔥,https://www.instagram.com/shamilnmshami,https://scontent-pnq1-1.cdninstagram.com/v/t51.2885-19/45354769_2207663812808782_8383663783972700160_n.jpg?stp=dst-jpg_s150x150_tt6&efg=eyJ2ZW5jb2RlX3RhZyI6InByb2ZpbGVfcGljLmRqYW5nby40MjIuYzIifQ&_nc_ht=scontent-pnq1-1.cdninstagram.com&_nc_cat=110&_nc_oc=Q6cZ2QE8X-uu3IpxsIKK7iaTZCpv2jgsfgAIXP6r9rENZA9gPQedgNXl4Pp2gFnER6tWR4s&_nc_ohc=kCz4Aurm750Q7kNvwHgNCh5&_nc_gid=Mkpa0NSV8op2Cf_DUcA0ng&edm=AI-cjbYBAAAA&ccb=7-5&oh=00_AfWcE8tFr-CQ20cD_2nQ9I2bP1YeCxe3tVyOPRP9zrNmFw&oe=689AAD68&_nc_sid=0985b0,"07/08/2025, 23:41:35"
59562351759,ayina_ami,17961028697812070,Hope,https://www.instagram.com/ayina_ami,https://scontent-pnq1-1.cdninstagram.com/v/t51.2885-19/459929715_823021496708384_2831884357433061966_n.jpg?stp=dst-jpg_s150x150_tt6&efg=eyJ2ZW5jb2RlX3RhZyI6InByb2ZpbGVfcGljLmRqYW5nby4xMDc5LmMyIn0&_nc_ht=scontent-pnq1-1.cdninstagram.com&_nc_cat=108&_nc_oc=Q6cZ2QE8X-uu3IpxsIKK7iaTZCpv2jgsfgAIXP6r9rENZA9gPQedgNXl4Pp2gFnER6tWR4s&_nc_ohc=oqj2s7knZNEQ7kNvwFnymv3&_nc_gid=Mkpa0NSV8op2Cf_DUcA0ng&edm=AI-cjbYBAAAA&ccb=7-5&oh=00_AfVcuppiV077AcyBVg1UT0OXW6uh4GgYWQo0nSM3BEJf8g&oe=689ACFBA&_nc_sid=0985b0,"07/08/2025, 23:42:06"
51876486339,aslu__mp,18019022219729615,🔥,https://www.instagram.com/aslu__mp,https://scontent-pnq1-2.cdninstagram.com/v/t51.2885-19/417439949_420270167003873_1634548038996768592_n.jpg?stp=dst-jpg_s150x150_tt6&efg=eyJ2ZW5jb2RlX3RhZyI6InByb2ZpbGVfcGljLmRqYW5nby42NDAuYzIifQ&_nc_ht=scontent-pnq1-2.cdninstagram.com&_nc_cat=105&_nc_oc=Q6cZ2QE8X-uu3IpxsIKK7iaTZCpv2jgsfgAIXP6r9rENZA9gPQedgNXl4Pp2gFnER6tWR4s&_nc_ohc=TVt-vRlm-_IQ7kNvwG-aQqQ&_nc_gid=Mkpa0NSV8op2Cf_DUcA0ng&edm=AI-cjbYBAAAA&ccb=7-5&oh=00_AfVn8ZnYcnVE5-36O5ApvudJW5drhtpkAMbRSujzrO3KEA&oe=689AB03E&_nc_sid=0985b0,"07/08/2025, 23:42:38"
51876486339,aslu__mp,18526205920007310,🔥,https://www.instagram.com/aslu__mp,https://scontent-pnq1-2.cdninstagram.com/v/t51.2885-19/417439949_420270167003873_1634548038996768592_n.jpg?stp=dst-jpg_s150x150_tt6&efg=eyJ2ZW5jb2RlX3RhZyI6InByb2ZpbGVfcGljLmRqYW5nby42NDAuYzIifQ&_nc_ht=scontent-pnq1-2.cdninstagram.com&_nc_cat=105&_nc_oc=Q6cZ2QE8X-uu3IpxsIKK7iaTZCpv2jgsfgAIXP6r9rENZA9gPQedgNXl4Pp2gFnER6tWR4s&_nc_ohc=TVt-vRlm-_IQ7kNvwG-aQqQ&_nc_gid=Mkpa0NSV8op2Cf_DUcA0ng&edm=AI-cjbYBAAAA&ccb=7-5&oh=00_AfVn8ZnYcnVE5-36O5ApvudJW5drhtpkAMbRSujzrO3KEA&oe=689AB03E&_nc_sid=0985b0,"07/08/2025, 23:42:58"
51876486339,aslu__mp,18130116112454294,🔥🔥,https://www.instagram.com/aslu__mp,https://scontent-pnq1-2.cdninstagram.com/v/t51.2885-19/417439949_420270167003873_1634548038996768592_n.jpg?stp=dst-jpg_s150x150_tt6&efg=eyJ2ZW5jb2RlX3RhZyI6InByb2ZpbGVfcGljLmRqYW5nby42NDAuYzIifQ&_nc_ht=scontent-pnq1-2.cdninstagram.com&_nc_cat=105&_nc_oc=Q6cZ2QE8X-uu3IpxsIKK7iaTZCpv2jgsfgAIXP6r9rENZA9gPQedgNXl4Pp2gFnER6tWR4s&_nc_ohc=TVt-vRlm-_IQ7kNvwG-aQqQ&_nc_gid=Mkpa0NSV8op2Cf_DUcA0ng&edm=AI-cjbYBAAAA&ccb=7-5&oh=00_AfVn8ZnYcnVE5-36O5ApvudJW5drhtpkAMbRSujzrO3KEA&oe=689AB03E&_nc_sid=0985b0,"07/08/2025, 23:43:22"
8628470827,fayiz86_,18186431830323347,Nammakk oru phone,https://www.instagram.com/fayiz86_,https://scontent-pnq1-1.cdninstagram.com/v/t51.2885-19/499879528_18269669200286828_6062357923865020300_n.jpg?stp=dst-jpg_s150x150_tt6&efg=eyJ2ZW5jb2RlX3RhZyI6InByb2ZpbGVfcGljLmRqYW5nby4xMDgwLmMyIn0&_nc_ht=scontent-pnq1-1.cdninstagram.com&_nc_cat=108&_nc_oc=Q6cZ2QE8X-uu3IpxsIKK7iaTZCpv2jgsfgAIXP6r9rENZA9gPQedgNXl4Pp2gFnER6tWR4s&_nc_ohc=OT2OB_ibaAwQ7kNvwEQ3GCS&_nc_gid=Mkpa0NSV8op2Cf_DUcA0ng&edm=AI-cjbYBAAAA&ccb=7-5&oh=00_AfWPBaQbzGj7lIhmUnxwuqHZKs_k9DMZwHPiepYldc7hvA&oe=689AB7F3&_nc_sid=0985b0,"07/08/2025, 23:43:24"
4922539987,biju4411,18064038698246518,🔥🔥,https://www.instagram.com/biju4411,https://scontent-pnq1-2.cdninstagram.com/v/t51.2885-19/455009996_1553762438510999_1587822055229154271_n.jpg?stp=dst-jpg_s150x150_tt6&efg=eyJ2ZW5jb2RlX3RhZyI6InByb2ZpbGVfcGljLmRqYW5nby45NjAuYzIifQ&_nc_ht=scontent-pnq1-2.cdninstagram.com&_nc_cat=111&_nc_oc=Q6cZ2QE8X-uu3IpxsIKK7iaTZCpv2jgsfgAIXP6r9rENZA9gPQedgNXl4Pp2gFnER6tWR4s&_nc_ohc=Zutj4edMH_QQ7kNvwF2IHWw&_nc_gid=Mkpa0NSV8op2Cf_DUcA0ng&edm=AI-cjbYBAAAA&ccb=7-5&oh=00_AfUANaLlg09t674XONxrushEiylaRpHB79TtECrP0Kp5uw&oe=689ADE65&_nc_sid=0985b0,"07/08/2025, 23:44:09"
4922539987,biju4411,18038364803662494,😍😍😍,https://www.instagram.com/biju4411,https://scontent-pnq1-2.cdninstagram.com/v/t51.2885-19/455009996_1553762438510999_1587822055229154271_n.jpg?stp=dst-jpg_s150x150_tt6&efg=eyJ2ZW5jb2RlX3RhZyI6InByb2ZpbGVfcGljLmRqYW5nby45NjAuYzIifQ&_nc_ht=scontent-pnq1-2.cdninstagram.com&_nc_cat=111&_nc_oc=Q6cZ2QE8X-uu3IpxsIKK7iaTZCpv2jgsfgAIXP6r9rENZA9gPQedgNXl4Pp2gFnER6tWR4s&_nc_ohc=Zutj4edMH_QQ7kNvwF2IHWw&_nc_gid=Mkpa0NSV8op2Cf_DUcA0ng&edm=AI-cjbYBAAAA&ccb=7-5&oh=00_AfUANaLlg09t674XONxrushEiylaRpHB79TtECrP0Kp5uw&oe=689ADE65&_nc_sid=0985b0,"07/08/2025, 23:44:11"
45714110035,rejeeshadinadu,17858677617417310,👏👏,https://www.instagram.com/rejeeshadinadu,https://scontent-pnq1-1.cdninstagram.com/v/t51.2885-19/445976673_1458973671674865_988048597777627898_n.jpg?stp=dst-jpg_s150x150_tt6&efg=eyJ2ZW5jb2RlX3RhZyI6InByb2ZpbGVfcGljLmRqYW5nby42OTMuYzIifQ&_nc_ht=scontent-pnq1-1.cdninstagram.com&_nc_cat=109&_nc_oc=Q6cZ2QE8X-uu3IpxsIKK7iaTZCpv2jgsfgAIXP6r9rENZA9gPQedgNXl4Pp2gFnER6tWR4s&_nc_ohc=ctU8lIgah_EQ7kNvwH3wVBP&_nc_gid=Mkpa0NSV8op2Cf_DUcA0ng&edm=AI-cjbYBAAAA&ccb=7-5&oh=00_AfXtWAAkHz_TXXT88RYsAg-_mXf5Usc87rgNneEu73BGhQ&oe=689AB31E&_nc_sid=0985b0,"07/08/2025, 23:45:17"
53576737200,shammasxmhd,17980966196852161,🙌,https://www.instagram.com/shammasxmhd,https://instagram.ftpe15-1.fna.fbcdn.net/v/t51.2885-19/464760996_1254146839119862_3605321457742435801_n.png?stp=dst-jpg_e0_s150x150_tt6&cb=8577c754-c2464923&efg=eyJ2ZW5jb2RlX3RhZyI6InByb2ZpbGVfcGljLmRqYW5nby4xNTAuYzIifQ&_nc_ht=instagram.ftpe15-1.fna.fbcdn.net&_nc_cat=1&_nc_oc=Q6cZ2QGMM-cgASDYRIYrhvCIaVcbI1qwEAEbRymlgrSpJ25jc1DQjDvZGiuthe8P7NTL8og&_nc_ohc=2OvDo5jgcmcQ7kNvwHN880A&_nc_gid=7S9TGEeXqYpR1fx-IFltRA&edm=AA0lj5EBAAAA&ccb=7-5&ig_cache_key=YW5vbnltb3VzX3Byb2ZpbGVfcGlj.3-ccb7-5-cb8577c754-c2464923&oh=00_AfXa87DqMevPe3Cq4eyrwytO2fX-ESqB2r_oFL7GxunK7A&oe=689AAF68&_nc_sid=0a490e,"07/08/2025, 23:47:26"
59612908584,im020me,18234019894295278,I am waiting,https://www.instagram.com/im020me,https://instagram.ftpe15-1.fna.fbcdn.net/v/t51.2885-19/464760996_1254146839119862_3605321457742435801_n.png?stp=dst-jpg_e0_s150x150_tt6&cb=8577c754-c2464923&efg=eyJ2ZW5jb2RlX3RhZyI6InByb2ZpbGVfcGljLmRqYW5nby4xNTAuYzIifQ&_nc_ht=instagram.ftpe15-1.fna.fbcdn.net&_nc_cat=1&_nc_oc=Q6cZ2QGMM-cgASDYRIYrhvCIaVcbI1qwEAEbRymlgrSpJ25jc1DQjDvZGiuthe8P7NTL8og&_nc_ohc=2OvDo5jgcmcQ7kNvwHN880A&_nc_gid=7S9TGEeXqYpR1fx-IFltRA&edm=AA0lj5EBAAAA&ccb=7-5&ig_cache_key=YW5vbnltb3VzX3Byb2ZpbGVfcGlj.3-ccb7-5-cb8577c754-c2464923&oh=00_AfXa87DqMevPe3Cq4eyrwytO2fX-ESqB2r_oFL7GxunK7A&oe=689AAF68&_nc_sid=0a490e,"07/08/2025, 23:48:47"
4051846462,um_e_sh__,18069961045896529,🤍,https://www.instagram.com/um_e_sh__,https://scontent-pnq1-1.cdninstagram.com/v/t51.2885-19/495882611_18367184494134463_1104336962729085256_n.jpg?stp=dst-jpg_s150x150_tt6&efg=eyJ2ZW5jb2RlX3RhZyI6InByb2ZpbGVfcGljLmRqYW5nby4xMDgwLmMyIn0&_nc_ht=scontent-pnq1-1.cdninstagram.com&_nc_cat=107&_nc_oc=Q6cZ2QE8X-uu3IpxsIKK7iaTZCpv2jgsfgAIXP6r9rENZA9gPQedgNXl4Pp2gFnER6tWR4s&_nc_ohc=SFvpE9YU-6YQ7kNvwHEMYAJ&_nc_gid=Mkpa0NSV8op2Cf_DUcA0ng&edm=AI-cjbYBAAAA&ccb=7-5&oh=00_AfWtm5QJmIL9ECbwaedNyGWhsn60xMFRcJ79eQ6O70s5JA&oe=689AB638&_nc_sid=0985b0,"07/08/2025, 23:50:42"
7596545015,__since__2001___,18014707502761918,🔥,https://www.instagram.com/__since__2001___,https://scontent-pnq1-2.cdninstagram.com/v/t51.2885-19/461943457_3380970855544562_2951930700247612184_n.jpg?stp=dst-jpg_s150x150_tt6&efg=eyJ2ZW5jb2RlX3RhZyI6InByb2ZpbGVfcGljLmRqYW5nby4xMDgwLmMyIn0&_nc_ht=scontent-pnq1-2.cdninstagram.com&_nc_cat=102&_nc_oc=Q6cZ2QE8X-uu3IpxsIKK7iaTZCpv2jgsfgAIXP6r9rENZA9gPQedgNXl4Pp2gFnER6tWR4s&_nc_ohc=gnNGjLLmC8oQ7kNvwGZ5ICY&_nc_gid=Mkpa0NSV8op2Cf_DUcA0ng&edm=AI-cjbYBAAAA&ccb=7-5&oh=00_AfWmEcdGlRzw0t-bZ7u4T5_Vb3e4AEp475tCx-NvCFSFDw&oe=689AC3D8&_nc_sid=0985b0,"07/08/2025, 23:51:40"
61613631872,jamsheenarennes,17885188839343630,🔥🔥🔥🔥,https://www.instagram.com/jamsheenarennes,https://scontent-pnq1-1.cdninstagram.com/v/t51.2885-19/496847769_17927107029055873_7691194327026236831_n.jpg?stp=dst-jpg_s150x150_tt6&efg=eyJ2ZW5jb2RlX3RhZyI6InByb2ZpbGVfcGljLmRqYW5nby41NTcuYzIifQ&_nc_ht=scontent-pnq1-1.cdninstagram.com&_nc_cat=101&_nc_oc=Q6cZ2QE8X-uu3IpxsIKK7iaTZCpv2jgsfgAIXP6r9rENZA9gPQedgNXl4Pp2gFnER6tWR4s&_nc_ohc=NyeTJ5CsOngQ7kNvwEouyKb&_nc_gid=Mkpa0NSV8op2Cf_DUcA0ng&edm=AI-cjbYBAAAA&ccb=7-5&oh=00_AfUnTtLxu6rO04BBKYHi2Kq0eKVrQVOpkWgrqSpQSbbvEw&oe=689AC78A&_nc_sid=0985b0,"07/08/2025, 23:51:52"
61613631872,jamsheenarennes,17851016109519180,Amizng attracting operchunitty ❤️🫂🥰,https://www.instagram.com/jamsheenarennes,https://scontent-pnq1-1.cdninstagram.com/v/t51.2885-19/496847769_17927107029055873_7691194327026236831_n.jpg?stp=dst-jpg_s150x150_tt6&efg=eyJ2ZW5jb2RlX3RhZyI6InByb2ZpbGVfcGljLmRqYW5nby41NTcuYzIifQ&_nc_ht=scontent-pnq1-1.cdninstagram.com&_nc_cat=101&_nc_oc=Q6cZ2QE8X-uu3IpxsIKK7iaTZCpv2jgsfgAIXP6r9rENZA9gPQedgNXl4Pp2gFnER6tWR4s&_nc_ohc=NyeTJ5CsOngQ7kNvwEouyKb&_nc_gid=Mkpa0NSV8op2Cf_DUcA0ng&edm=AI-cjbYBAAAA&ccb=7-5&oh=00_AfUnTtLxu6rO04BBKYHi2Kq0eKVrQVOpkWgrqSpQSbbvEw&oe=689AC78A&_nc_sid=0985b0,"07/08/2025, 23:51:57"
5644118633,salmann_____17,17892474804293968,elaria,https://www.instagram.com/salmann_____17,https://scontent-pnq1-2.cdninstagram.com/v/t51.2885-19/504229251_18387022015190634_4766041479886704818_n.jpg?stp=dst-jpg_s150x150_tt6&efg=eyJ2ZW5jb2RlX3RhZyI6InByb2ZpbGVfcGljLmRqYW5nby4xMDgwLmMyIn0&_nc_ht=scontent-pnq1-2.cdninstagram.com&_nc_cat=106&_nc_oc=Q6cZ2QE8X-uu3IpxsIKK7iaTZCpv2jgsfgAIXP6r9rENZA9gPQedgNXl4Pp2gFnER6tWR4s&_nc_ohc=RWadKSm_OrwQ7kNvwGjn95f&_nc_gid=Mkpa0NSV8op2Cf_DUcA0ng&edm=AI-cjbYBAAAA&ccb=7-5&oh=00_AfW4oxIUlmBiQKlfrwoOSl7QY-UDCxVUozLLNx1TAXhIMA&oe=689ABFBA&_nc_sid=0985b0,"07/08/2025, 23:55:10"
8987159747,salmanbv786,18315071467213760,👏,https://www.instagram.com/salmanbv786,https://scontent-pnq1-1.cdninstagram.com/v/t51.2885-19/339462946_1398031777692500_1931081656335426_n.jpg?stp=dst-jpg_s150x150_tt6&efg=eyJ2ZW5jb2RlX3RhZyI6InByb2ZpbGVfcGljLmRqYW5nby4xMDgwLmMyIn0&_nc_ht=scontent-pnq1-1.cdninstagram.com&_nc_cat=108&_nc_oc=Q6cZ2QE8X-uu3IpxsIKK7iaTZCpv2jgsfgAIXP6r9rENZA9gPQedgNXl4Pp2gFnER6tWR4s&_nc_ohc=YYUCZfJdPz4Q7kNvwE8ok8K&_nc_gid=Mkpa0NSV8op2Cf_DUcA0ng&edm=AI-cjbYBAAAA&ccb=7-5&oh=00_AfXDCx8b4VODQHVNSiAUESBFvA8JWr6Kqgxk1PtuDb5qJw&oe=689AD233&_nc_sid=0985b0,"07/08/2025, 23:55:33"
48430705853,_salmanul_faris_007,18291067462248100,😍🔥,https://www.instagram.com/_salmanul_faris_007,https://scontent-pnq1-2.cdninstagram.com/v/t51.2885-19/405530423_402204425476511_356481469656732355_n.jpg?stp=dst-jpg_s150x150_tt6&efg=eyJ2ZW5jb2RlX3RhZyI6InByb2ZpbGVfcGljLmRqYW5nby43MzYuYzIifQ&_nc_ht=scontent-pnq1-2.cdninstagram.com&_nc_cat=111&_nc_oc=Q6cZ2QE8X-uu3IpxsIKK7iaTZCpv2jgsfgAIXP6r9rENZA9gPQedgNXl4Pp2gFnER6tWR4s&_nc_ohc=_uYMkOW0FgUQ7kNvwGKh_Yv&_nc_gid=Mkpa0NSV8op2Cf_DUcA0ng&edm=AI-cjbYBAAAA&ccb=7-5&oh=00_AfV9mwjd9O4XxjDPFgJSmP061YJk8eeWLd7KiNvJNxIz3w&oe=689AC7F6&_nc_sid=0985b0,"08/08/2025, 00:00:58"
48430705853,_salmanul_faris_007,17942356116021147,Adi poli,https://www.instagram.com/_salmanul_faris_007,https://scontent-pnq1-2.cdninstagram.com/v/t51.2885-19/405530423_402204425476511_356481469656732355_n.jpg?stp=dst-jpg_s150x150_tt6&efg=eyJ2ZW5jb2RlX3RhZyI6InByb2ZpbGVfcGljLmRqYW5nby43MzYuYzIifQ&_nc_ht=scontent-pnq1-2.cdninstagram.com&_nc_cat=111&_nc_oc=Q6cZ2QE8X-uu3IpxsIKK7iaTZCpv2jgsfgAIXP6r9rENZA9gPQedgNXl4Pp2gFnER6tWR4s&_nc_ohc=_uYMkOW0FgUQ7kNvwGKh_Yv&_nc_gid=Mkpa0NSV8op2Cf_DUcA0ng&edm=AI-cjbYBAAAA&ccb=7-5&oh=00_AfV9mwjd9O4XxjDPFgJSmP061YJk8eeWLd7KiNvJNxIz3w&oe=689AC7F6&_nc_sid=0985b0,"08/08/2025, 00:01:06"
48430705853,_salmanul_faris_007,18018918152743362,Wow,https://www.instagram.com/_salmanul_faris_007,https://scontent-pnq1-2.cdninstagram.com/v/t51.2885-19/405530423_402204425476511_356481469656732355_n.jpg?stp=dst-jpg_s150x150_tt6&efg=eyJ2ZW5jb2RlX3RhZyI6InByb2ZpbGVfcGljLmRqYW5nby43MzYuYzIifQ&_nc_ht=scontent-pnq1-2.cdninstagram.com&_nc_cat=111&_nc_oc=Q6cZ2QE8X-uu3IpxsIKK7iaTZCpv2jgsfgAIXP6r9rENZA9gPQedgNXl4Pp2gFnER6tWR4s&_nc_ohc=_uYMkOW0FgUQ7kNvwGKh_Yv&_nc_gid=Mkpa0NSV8op2Cf_DUcA0ng&edm=AI-cjbYBAAAA&ccb=7-5&oh=00_AfV9mwjd9O4XxjDPFgJSmP061YJk8eeWLd7KiNvJNxIz3w&oe=689AC7F6&_nc_sid=0985b0,"08/08/2025, 00:01:14"
40890781524,nasri.kp123,17931284090961716,Super👍👍👍👍👍👍👍👍,https://www.instagram.com/nasri.kp123,https://scontent-pnq1-1.cdninstagram.com/v/t51.2885-19/498942121_18051775667365525_8578747644556486013_n.jpg?stp=dst-jpg_s150x150_tt6&efg=eyJ2ZW5jb2RlX3RhZyI6InByb2ZpbGVfcGljLmRqYW5nby43MjAuYzIifQ&_nc_ht=scontent-pnq1-1.cdninstagram.com&_nc_cat=101&_nc_oc=Q6cZ2QE8X-uu3IpxsIKK7iaTZCpv2jgsfgAIXP6r9rENZA9gPQedgNXl4Pp2gFnER6tWR4s&_nc_ohc=m0z0pDokULoQ7kNvwFOGttX&_nc_gid=Mkpa0NSV8op2Cf_DUcA0ng&edm=AI-cjbYBAAAA&ccb=7-5&oh=00_AfWAVwzy_otlh-wJqWmlDx6z_JlurK1noH6HRaadQtSsgQ&oe=689AB568&_nc_sid=0985b0,"08/08/2025, 00:01:18"
48430705853,_salmanul_faris_007,17908059735198000,❤,https://www.instagram.com/_salmanul_faris_007,https://scontent-pnq1-2.cdninstagram.com/v/t51.2885-19/405530423_402204425476511_356481469656732355_n.jpg?stp=dst-jpg_s150x150_tt6&efg=eyJ2ZW5jb2RlX3RhZyI6InByb2ZpbGVfcGljLmRqYW5nby43MzYuYzIifQ&_nc_ht=scontent-pnq1-2.cdninstagram.com&_nc_cat=111&_nc_oc=Q6cZ2QE8X-uu3IpxsIKK7iaTZCpv2jgsfgAIXP6r9rENZA9gPQedgNXl4Pp2gFnER6tWR4s&_nc_ohc=_uYMkOW0FgUQ7kNvwGKh_Yv&_nc_gid=Mkpa0NSV8op2Cf_DUcA0ng&edm=AI-cjbYBAAAA&ccb=7-5&oh=00_AfV9mwjd9O4XxjDPFgJSmP061YJk8eeWLd7KiNvJNxIz3w&oe=689AC7F6&_nc_sid=0985b0,"08/08/2025, 00:01:20"
902007055,marlboro_senior,18076393000788038,Soap enkilum kittuvoooo,https://www.instagram.com/marlboro_senior,https://scontent-pnq1-1.cdninstagram.com/v/t51.2885-19/519006905_18532949521055056_5488948108342414143_n.jpg?stp=dst-jpg_s150x150_tt6&efg=eyJ2ZW5jb2RlX3RhZyI6InByb2ZpbGVfcGljLmRqYW5nby4xMDgwLmMyIn0&_nc_ht=scontent-pnq1-1.cdninstagram.com&_nc_cat=104&_nc_oc=Q6cZ2QE8X-uu3IpxsIKK7iaTZCpv2jgsfgAIXP6r9rENZA9gPQedgNXl4Pp2gFnER6tWR4s&_nc_ohc=WOanmeiEwCwQ7kNvwFM5OB4&_nc_gid=Mkpa0NSV8op2Cf_DUcA0ng&edm=AI-cjbYBAAAA&ccb=7-5&oh=00_AfVgQ1NgfClV7lCGeootSaSoixXu1pLXzzKdPBnuciWyjA&oe=689AD393&_nc_sid=0985b0,"08/08/2025, 00:02:05"
9958467690,_sabari_000_,18088514977740260,❤️,https://www.instagram.com/_sabari_000_,https://scontent-pnq1-2.cdninstagram.com/v/t51.2885-19/521667356_18180270427331691_2630114736733167616_n.jpg?stp=dst-jpg_s150x150_tt6&efg=eyJ2ZW5jb2RlX3RhZyI6InByb2ZpbGVfcGljLmRqYW5nby4xMDgwLmMyIn0&_nc_ht=scontent-pnq1-2.cdninstagram.com&_nc_cat=103&_nc_oc=Q6cZ2QE8X-uu3IpxsIKK7iaTZCpv2jgsfgAIXP6r9rENZA9gPQedgNXl4Pp2gFnER6tWR4s&_nc_ohc=o-J0KVqEP-EQ7kNvwF-pntg&_nc_gid=Mkpa0NSV8op2Cf_DUcA0ng&edm=AI-cjbYBAAAA&ccb=7-5&oh=00_AfXIJj4isabjPbd1vGa27O-waT4ZKCuXDCwbMukqmD6AFQ&oe=689AE057&_nc_sid=0985b0,"08/08/2025, 00:02:32"
4560176908,sibinbensu_23,18101556340601630,❤️seen,https://www.instagram.com/sibinbensu_23,https://scontent-pnq1-1.cdninstagram.com/v/t51.2885-19/491469066_1326955431939597_911016886917172763_n.jpg?stp=dst-jpg_s150x150_tt6&efg=eyJ2ZW5jb2RlX3RhZyI6InByb2ZpbGVfcGljLmRqYW5nby4xMDgwLmMyIn0&_nc_ht=scontent-pnq1-1.cdninstagram.com&_nc_cat=109&_nc_oc=Q6cZ2QE8X-uu3IpxsIKK7iaTZCpv2jgsfgAIXP6r9rENZA9gPQedgNXl4Pp2gFnER6tWR4s&_nc_ohc=m6BqFg0H82UQ7kNvwHnjyKz&_nc_gid=Mkpa0NSV8op2Cf_DUcA0ng&edm=AI-cjbYBAAAA&ccb=7-5&oh=00_AfW8NDA3YXRYKpSMntYSiDXtfVw8a7GcOj-ktAsNB8rUTQ&oe=689ABFF3&_nc_sid=0985b0,"08/08/2025, 00:05:58"
547036489,shynusahib,18023137319717524,Adichirikkum,https://www.instagram.com/shynusahib,https://scontent-pnq1-1.cdninstagram.com/v/t51.2885-19/357858527_179098598493169_5234013233764319444_n.jpg?stp=dst-jpg_s150x150_tt6&efg=eyJ2ZW5jb2RlX3RhZyI6InByb2ZpbGVfcGljLmRqYW5nby4xMDgwLmMyIn0&_nc_ht=scontent-pnq1-1.cdninstagram.com&_nc_cat=101&_nc_oc=Q6cZ2QE8X-uu3IpxsIKK7iaTZCpv2jgsfgAIXP6r9rENZA9gPQedgNXl4Pp2gFnER6tWR4s&_nc_ohc=QShIdVvsSjQQ7kNvwErvrcd&_nc_gid=Mkpa0NSV8op2Cf_DUcA0ng&edm=AI-cjbYBAAAA&ccb=7-5&oh=00_AfV_jUMzvxdpSk6FoQr15A6mdFb-zfx7LqxM2IA0EH-C4g&oe=689AB7D3&_nc_sid=0985b0,"08/08/2025, 00:09:17"
53884885764,eringavoor,18054322316578457,Supper,https://www.instagram.com/eringavoor,https://scontent-pnq1-2.cdninstagram.com/v/t51.2885-19/442478701_816130976519393_57358472118338966_n.jpg?stp=dst-jpg_s150x150_tt6&efg=eyJ2ZW5jb2RlX3RhZyI6InByb2ZpbGVfcGljLmRqYW5nby45NTkuYzIifQ&_nc_ht=scontent-pnq1-2.cdninstagram.com&_nc_cat=105&_nc_oc=Q6cZ2QE8X-uu3IpxsIKK7iaTZCpv2jgsfgAIXP6r9rENZA9gPQedgNXl4Pp2gFnER6tWR4s&_nc_ohc=VK5GgRpa4-IQ7kNvwEN7ORf&_nc_gid=Mkpa0NSV8op2Cf_DUcA0ng&edm=AI-cjbYBAAAA&ccb=7-5&oh=00_AfVe1_fbhCGX1kZvx08qFm7XhLSiBvt1cb7zOZpehQWiEA&oe=689AC55B&_nc_sid=0985b0,"08/08/2025, 00:09:44"
33871844817,muneer.k__,17846153595522687,😍,https://www.instagram.com/muneer.k__,https://scontent-pnq1-1.cdninstagram.com/v/t51.2885-19/520972134_18067470215132818_2694225841275515466_n.jpg?stp=dst-jpg_s150x150_tt6&efg=eyJ2ZW5jb2RlX3RhZyI6InByb2ZpbGVfcGljLmRqYW5nby4xMDgwLmMyIn0&_nc_ht=scontent-pnq1-1.cdninstagram.com&_nc_cat=110&_nc_oc=Q6cZ2QE8X-uu3IpxsIKK7iaTZCpv2jgsfgAIXP6r9rENZA9gPQedgNXl4Pp2gFnER6tWR4s&_nc_ohc=W2LSrV70sFgQ7kNvwGkfCG4&_nc_gid=Mkpa0NSV8op2Cf_DUcA0ng&edm=AI-cjbYBAAAA&ccb=7-5&oh=00_AfU-MhaFq3l1Tz2fP1F2qUIoEmAcaFTRRlmeqGs0wMFTjw&oe=689AB067&_nc_sid=0985b0,"08/08/2025, 00:11:23"
33871844817,muneer.k__,18107033671558130,🔥,https://www.instagram.com/muneer.k__,https://scontent-pnq1-1.cdninstagram.com/v/t51.2885-19/520972134_18067470215132818_2694225841275515466_n.jpg?stp=dst-jpg_s150x150_tt6&efg=eyJ2ZW5jb2RlX3RhZyI6InByb2ZpbGVfcGljLmRqYW5nby4xMDgwLmMyIn0&_nc_ht=scontent-pnq1-1.cdninstagram.com&_nc_cat=110&_nc_oc=Q6cZ2QE8X-uu3IpxsIKK7iaTZCpv2jgsfgAIXP6r9rENZA9gPQedgNXl4Pp2gFnER6tWR4s&_nc_ohc=W2LSrV70sFgQ7kNvwGkfCG4&_nc_gid=Mkpa0NSV8op2Cf_DUcA0ng&edm=AI-cjbYBAAAA&ccb=7-5&oh=00_AfU-MhaFq3l1Tz2fP1F2qUIoEmAcaFTRRlmeqGs0wMFTjw&oe=689AB067&_nc_sid=0985b0,"08/08/2025, 00:11:25"
33871844817,muneer.k__,18520134598006467,🤍,https://www.instagram.com/muneer.k__,https://scontent-pnq1-1.cdninstagram.com/v/t51.2885-19/520972134_18067470215132818_2694225841275515466_n.jpg?stp=dst-jpg_s150x150_tt6&efg=eyJ2ZW5jb2RlX3RhZyI6InByb2ZpbGVfcGljLmRqYW5nby4xMDgwLmMyIn0&_nc_ht=scontent-pnq1-1.cdninstagram.com&_nc_cat=110&_nc_oc=Q6cZ2QE8X-uu3IpxsIKK7iaTZCpv2jgsfgAIXP6r9rENZA9gPQedgNXl4Pp2gFnER6tWR4s&_nc_ohc=W2LSrV70sFgQ7kNvwGkfCG4&_nc_gid=Mkpa0NSV8op2Cf_DUcA0ng&edm=AI-cjbYBAAAA&ccb=7-5&oh=00_AfU-MhaFq3l1Tz2fP1F2qUIoEmAcaFTRRlmeqGs0wMFTjw&oe=689AB067&_nc_sid=0985b0,"08/08/2025, 00:11:26"
39131278611,thanthonni373,17970128603776440,😍,https://www.instagram.com/thanthonni373,https://scontent-pnq1-2.cdninstagram.com/v/t51.2885-19/518494147_18075494447310612_7598036857327129506_n.jpg?stp=dst-jpg_s150x150_tt6&efg=eyJ2ZW5jb2RlX3RhZyI6InByb2ZpbGVfcGljLmRqYW5nby4xMDgwLmMyIn0&_nc_ht=scontent-pnq1-2.cdninstagram.com&_nc_cat=100&_nc_oc=Q6cZ2QE8X-uu3IpxsIKK7iaTZCpv2jgsfgAIXP6r9rENZA9gPQedgNXl4Pp2gFnER6tWR4s&_nc_ohc=Z23dHeaUgq8Q7kNvwGfWAIA&_nc_gid=Mkpa0NSV8op2Cf_DUcA0ng&edm=AI-cjbYBAAAA&ccb=7-5&oh=00_AfU-4aX3larWJa6E1R2fj8P4ODN9W15ylqVGT0ZEeiYTNQ&oe=689ACD87&_nc_sid=0985b0,"08/08/2025, 00:12:14"
8155551809,joshy_nithin,18040976177649608,👍👍👍👍👍,https://www.instagram.com/joshy_nithin,https://scontent-pnq1-1.cdninstagram.com/v/t51.2885-19/242613510_4765440213475444_9220482557541678701_n.jpg?stp=dst-jpg_s150x150_tt6&efg=eyJ2ZW5jb2RlX3RhZyI6InByb2ZpbGVfcGljLmRqYW5nby4xMDgwLmMyIn0&_nc_ht=scontent-pnq1-1.cdninstagram.com&_nc_cat=104&_nc_oc=Q6cZ2QE8X-uu3IpxsIKK7iaTZCpv2jgsfgAIXP6r9rENZA9gPQedgNXl4Pp2gFnER6tWR4s&_nc_ohc=C18vY0ghXZIQ7kNvwE508Aa&_nc_gid=Mkpa0NSV8op2Cf_DUcA0ng&edm=AI-cjbYBAAAA&ccb=7-5&oh=00_AfUSry-k3mOqDS4QLEUeP7qe2xoXN0pQOrdKuzPzCTTgzQ&oe=689ADF00&_nc_sid=0985b0,"08/08/2025, 00:13:46"
2760192195,inikhil_murali,18048143360632077,@harshad_muhammed___ urappayum,https://www.instagram.com/inikhil_murali,https://scontent-pnq1-2.cdninstagram.com/v/t51.2885-19/525314277_18350045677088196_1798925894520071947_n.jpg?stp=dst-jpg_s150x150_tt6&efg=eyJ2ZW5jb2RlX3RhZyI6InByb2ZpbGVfcGljLmRqYW5nby4xMDgwLmMyIn0&_nc_ht=scontent-pnq1-2.cdninstagram.com&_nc_cat=100&_nc_oc=Q6cZ2QE8X-uu3IpxsIKK7iaTZCpv2jgsfgAIXP6r9rENZA9gPQedgNXl4Pp2gFnER6tWR4s&_nc_ohc=UVODvMHP_xMQ7kNvwGbdu0m&_nc_gid=Mkpa0NSV8op2Cf_DUcA0ng&edm=AI-cjbYBAAAA&ccb=7-5&oh=00_AfVNvPc_1illIupaC9aVxD8jsEoruP9nZrjxISjpQ7PUGQ&oe=689AB67A&_nc_sid=0985b0,"08/08/2025, 00:13:50"
3923655613,shabz_knc,17951151863860254,Kk pp,https://www.instagram.com/shabz_knc,https://scontent-pnq1-1.cdninstagram.com/v/t51.2885-19/440704117_3725133701090794_9198535480696322440_n.jpg?stp=dst-jpg_s150x150_tt6&efg=eyJ2ZW5jb2RlX3RhZyI6InByb2ZpbGVfcGljLmRqYW5nby44NTAuYzIifQ&_nc_ht=scontent-pnq1-1.cdninstagram.com&_nc_cat=110&_nc_oc=Q6cZ2QE8X-uu3IpxsIKK7iaTZCpv2jgsfgAIXP6r9rENZA9gPQedgNXl4Pp2gFnER6tWR4s&_nc_ohc=l4HSxayACLIQ7kNvwH98kjH&_nc_gid=Mkpa0NSV8op2Cf_DUcA0ng&edm=AI-cjbYBAAAA&ccb=7-5&oh=00_AfU_mTERBnK8pr2ESW4bINjFugqxG9Zlw0jpXY3bprsAbA&oe=689AC5F4&_nc_sid=0985b0,"08/08/2025, 00:14:26"
2760192195,inikhil_murali,17970597551921846,Done👍,https://www.instagram.com/inikhil_murali,https://scontent-pnq1-2.cdninstagram.com/v/t51.2885-19/525314277_18350045677088196_1798925894520071947_n.jpg?stp=dst-jpg_s150x150_tt6&efg=eyJ2ZW5jb2RlX3RhZyI6InByb2ZpbGVfcGljLmRqYW5nby4xMDgwLmMyIn0&_nc_ht=scontent-pnq1-2.cdninstagram.com&_nc_cat=100&_nc_oc=Q6cZ2QE8X-uu3IpxsIKK7iaTZCpv2jgsfgAIXP6r9rENZA9gPQedgNXl4Pp2gFnER6tWR4s&_nc_ohc=UVODvMHP_xMQ7kNvwGbdu0m&_nc_gid=Mkpa0NSV8op2Cf_DUcA0ng&edm=AI-cjbYBAAAA&ccb=7-5&oh=00_AfVNvPc_1illIupaC9aVxD8jsEoruP9nZrjxISjpQ7PUGQ&oe=689AB67A&_nc_sid=0985b0,"08/08/2025, 00:15:16"
58721832944,venugopalankv9,17915297013159078,🙌,https://www.instagram.com/venugopalankv9,https://scontent-pnq1-1.cdninstagram.com/v/t51.2885-19/336958905_1339985529912355_8537820349164777309_n.jpg?stp=dst-jpg_s150x150_tt6&efg=eyJ2ZW5jb2RlX3RhZyI6InByb2ZpbGVfcGljLmRqYW5nby4xMDgwLmMyIn0&_nc_ht=scontent-pnq1-1.cdninstagram.com&_nc_cat=107&_nc_oc=Q6cZ2QE8X-uu3IpxsIKK7iaTZCpv2jgsfgAIXP6r9rENZA9gPQedgNXl4Pp2gFnER6tWR4s&_nc_ohc=e2KyyFkNBLoQ7kNvwFAxvK9&_nc_gid=Mkpa0NSV8op2Cf_DUcA0ng&edm=AI-cjbYBAAAA&ccb=7-5&oh=00_AfUx5msf2G2KXfY67Tg10Jlwy0ZytxtJEP1r6AHTYSS8lg&oe=689ACF95&_nc_sid=0985b0,"08/08/2025, 00:15:18"
53318865474,dh1lshaad,18476742181073171,🔥,https://www.instagram.com/dh1lshaad,https://scontent-pnq1-2.cdninstagram.com/v/t51.2885-19/491464180_952127633467260_2308400485778680659_n.jpg?stp=dst-jpg_s150x150_tt6&efg=eyJ2ZW5jb2RlX3RhZyI6InByb2ZpbGVfcGljLmRqYW5nby4xMDQ0LmMyIn0&_nc_ht=scontent-pnq1-2.cdninstagram.com&_nc_cat=100&_nc_oc=Q6cZ2QE8X-uu3IpxsIKK7iaTZCpv2jgsfgAIXP6r9rENZA9gPQedgNXl4Pp2gFnER6tWR4s&_nc_ohc=-iK5YyltsUMQ7kNvwESIXtf&_nc_gid=Mkpa0NSV8op2Cf_DUcA0ng&edm=AI-cjbYBAAAA&ccb=7-5&oh=00_AfXRciKvTib83Ze_q0udUj21nwSaS2wdVUh9Qn8qQm4ahQ&oe=689AC80A&_nc_sid=0985b0,"08/08/2025, 00:15:59"
53318865474,dh1lshaad,17997669815813053,🤍,https://www.instagram.com/dh1lshaad,https://scontent-pnq1-2.cdninstagram.com/v/t51.2885-19/491464180_952127633467260_2308400485778680659_n.jpg?stp=dst-jpg_s150x150_tt6&efg=eyJ2ZW5jb2RlX3RhZyI6InByb2ZpbGVfcGljLmRqYW5nby4xMDQ0LmMyIn0&_nc_ht=scontent-pnq1-2.cdninstagram.com&_nc_cat=100&_nc_oc=Q6cZ2QE8X-uu3IpxsIKK7iaTZCpv2jgsfgAIXP6r9rENZA9gPQedgNXl4Pp2gFnER6tWR4s&_nc_ohc=-iK5YyltsUMQ7kNvwESIXtf&_nc_gid=Mkpa0NSV8op2Cf_DUcA0ng&edm=AI-cjbYBAAAA&ccb=7-5&oh=00_AfXRciKvTib83Ze_q0udUj21nwSaS2wdVUh9Qn8qQm4ahQ&oe=689AC80A&_nc_sid=0985b0,"08/08/2025, 00:16:07"
4314633709,shafeeq__muhd,18084917413852673,❤️🙌👏,https://www.instagram.com/shafeeq__muhd,https://scontent-pnq1-2.cdninstagram.com/v/t51.2885-19/371181170_283942210931165_6697307225617779200_n.jpg?stp=dst-jpg_s150x150_tt6&efg=eyJ2ZW5jb2RlX3RhZyI6InByb2ZpbGVfcGljLmRqYW5nby4xMDgwLmMyIn0&_nc_ht=scontent-pnq1-2.cdninstagram.com&_nc_cat=105&_nc_oc=Q6cZ2QE8X-uu3IpxsIKK7iaTZCpv2jgsfgAIXP6r9rENZA9gPQedgNXl4Pp2gFnER6tWR4s&_nc_ohc=vbhv03ndGVUQ7kNvwHul3fh&_nc_gid=Mkpa0NSV8op2Cf_DUcA0ng&edm=AI-cjbYBAAAA&ccb=7-5&oh=00_AfVPTYwGWezhtVchPfsHv9STW_tX35-x8iAeNfOpXX743w&oe=689AB25B&_nc_sid=0985b0,"08/08/2025, 00:16:24"
53318865474,dh1lshaad,18064900013463850,🔥,https://www.instagram.com/dh1lshaad,https://scontent-pnq1-2.cdninstagram.com/v/t51.2885-19/491464180_952127633467260_2308400485778680659_n.jpg?stp=dst-jpg_s150x150_tt6&efg=eyJ2ZW5jb2RlX3RhZyI6InByb2ZpbGVfcGljLmRqYW5nby4xMDQ0LmMyIn0&_nc_ht=scontent-pnq1-2.cdninstagram.com&_nc_cat=100&_nc_oc=Q6cZ2QE8X-uu3IpxsIKK7iaTZCpv2jgsfgAIXP6r9rENZA9gPQedgNXl4Pp2gFnER6tWR4s&_nc_ohc=-iK5YyltsUMQ7kNvwESIXtf&_nc_gid=Mkpa0NSV8op2Cf_DUcA0ng&edm=AI-cjbYBAAAA&ccb=7-5&oh=00_AfXRciKvTib83Ze_q0udUj21nwSaS2wdVUh9Qn8qQm4ahQ&oe=689AC80A&_nc_sid=0985b0,"08/08/2025, 00:16:26"
8433694518,sanju.raj.963,18049549439217883,❤️,https://www.instagram.com/sanju.raj.963,https://scontent-pnq1-1.cdninstagram.com/v/t51.2885-19/369763827_233859772850761_7736430153177168977_n.jpg?stp=dst-jpg_s150x150_tt6&efg=eyJ2ZW5jb2RlX3RhZyI6InByb2ZpbGVfcGljLmRqYW5nby43MzUuYzIifQ&_nc_ht=scontent-pnq1-1.cdninstagram.com&_nc_cat=101&_nc_oc=Q6cZ2QE8X-uu3IpxsIKK7iaTZCpv2jgsfgAIXP6r9rENZA9gPQedgNXl4Pp2gFnER6tWR4s&_nc_ohc=8nahIhG7g34Q7kNvwGfhg3f&_nc_gid=Mkpa0NSV8op2Cf_DUcA0ng&edm=AI-cjbYBAAAA&ccb=7-5&oh=00_AfU-hAO6vRDoWr1Vzgb0lgXZUWNy5tv4po4FYPkLkSovcA&oe=689AC7C0&_nc_sid=0985b0,"08/08/2025, 00:19:37"
8433694518,sanju.raj.963,17888857569326718,❤️❤️,https://www.instagram.com/sanju.raj.963,https://scontent-pnq1-1.cdninstagram.com/v/t51.2885-19/369763827_233859772850761_7736430153177168977_n.jpg?stp=dst-jpg_s150x150_tt6&efg=eyJ2ZW5jb2RlX3RhZyI6InByb2ZpbGVfcGljLmRqYW5nby43MzUuYzIifQ&_nc_ht=scontent-pnq1-1.cdninstagram.com&_nc_cat=101&_nc_oc=Q6cZ2QE8X-uu3IpxsIKK7iaTZCpv2jgsfgAIXP6r9rENZA9gPQedgNXl4Pp2gFnER6tWR4s&_nc_ohc=8nahIhG7g34Q7kNvwGfhg3f&_nc_gid=Mkpa0NSV8op2Cf_DUcA0ng&edm=AI-cjbYBAAAA&ccb=7-5&oh=00_AfU-hAO6vRDoWr1Vzgb0lgXZUWNy5tv4po4FYPkLkSovcA&oe=689AC7C0&_nc_sid=0985b0,"08/08/2025, 00:19:42"
8433694518,sanju.raj.963,18047756120271670,❤️❤️❤️,https://www.instagram.com/sanju.raj.963,https://scontent-pnq1-1.cdninstagram.com/v/t51.2885-19/369763827_233859772850761_7736430153177168977_n.jpg?stp=dst-jpg_s150x150_tt6&efg=eyJ2ZW5jb2RlX3RhZyI6InByb2ZpbGVfcGljLmRqYW5nby43MzUuYzIifQ&_nc_ht=scontent-pnq1-1.cdninstagram.com&_nc_cat=101&_nc_oc=Q6cZ2QE8X-uu3IpxsIKK7iaTZCpv2jgsfgAIXP6r9rENZA9gPQedgNXl4Pp2gFnER6tWR4s&_nc_ohc=8nahIhG7g34Q7kNvwGfhg3f&_nc_gid=Mkpa0NSV8op2Cf_DUcA0ng&edm=AI-cjbYBAAAA&ccb=7-5&oh=00_AfU-hAO6vRDoWr1Vzgb0lgXZUWNy5tv4po4FYPkLkSovcA&oe=689AC7C0&_nc_sid=0985b0,"08/08/2025, 00:19:45"
72056038161,fathi_masuhaib,18079966414910620,🙌👏👍,https://www.instagram.com/fathi_masuhaib,https://instagram.fdel3-2.fna.fbcdn.net/v/t51.2885-19/464760996_1254146839119862_3605321457742435801_n.png?stp=dst-jpg_e0_s150x150_tt6&cb=8577c754-c2464923&efg=eyJ2ZW5jb2RlX3RhZyI6InByb2ZpbGVfcGljLmRqYW5nby4xNTAuYzIifQ&_nc_ht=instagram.fdel3-2.fna.fbcdn.net&_nc_cat=1&_nc_oc=Q6cZ2QGoASJc3LqcPEFr7ibrbZGfGVtayKqIG1At_dj7f_JPzKyvksyNRxzdGVkwl31LSzN5_5I2jLruzs-8jaDtuB2d&_nc_ohc=2OvDo5jgcmcQ7kNvwFTDv37&_nc_gid=C_4cPE4S6GzxwIeYZHDKsA&edm=AEVnrqQBAAAA&ccb=7-5&ig_cache_key=YW5vbnltb3VzX3Byb2ZpbGVfcGlj.3-ccb7-5-cb8577c754-c2464923&oh=00_AfU4yMJDgVBSy8wpWLAHbevgpslmExRpfz6KPxKr1AZLKw&oe=689AAF68&_nc_sid=f8b7b3,"07/08/2025, 22:58:52"
34434764414,_sube.p.k.d,17942693769041800,🔥🔥,https://www.instagram.com/_sube.p.k.d,https://scontent-pnq1-1.cdninstagram.com/v/t51.2885-19/501605046_18060774125148415_1864901921646353780_n.jpg?stp=dst-jpg_s150x150_tt6&efg=eyJ2ZW5jb2RlX3RhZyI6InByb2ZpbGVfcGljLmRqYW5nby4xMDgwLmMyIn0&_nc_ht=scontent-pnq1-1.cdninstagram.com&_nc_cat=107&_nc_oc=Q6cZ2QEwC1zN5nwEnRxeymaOEEDP2aL_5BFPckfahCR6I_s6tapS94KBZXb_6D0jkyAWDVg&_nc_ohc=DjLDj68ANnEQ7kNvwFPjmo7&_nc_gid=KPf5NuEJm58Ywbzf5IaC7Q&edm=AI-cjbYBAAAA&ccb=7-5&oh=00_AfX5T1St2bQyGG1shu_72Pu1UGhkKrev3Nz_s6OskdD-9w&oe=689AB1D1&_nc_sid=0985b0,"07/08/2025, 23:00:03"
60497461857,vijayan_daxo,18087195277806606,❤️❤️,https://www.instagram.com/vijayan_daxo,https://scontent-pnq1-2.cdninstagram.com/v/t51.2885-19/455271190_3374091729562767_4160639956164249316_n.jpg?stp=dst-jpg_s150x150_tt6&efg=eyJ2ZW5jb2RlX3RhZyI6InByb2ZpbGVfcGljLmRqYW5nby4xMDgwLmMyIn0&_nc_ht=scontent-pnq1-2.cdninstagram.com&_nc_cat=103&_nc_oc=Q6cZ2QEwC1zN5nwEnRxeymaOEEDP2aL_5BFPckfahCR6I_s6tapS94KBZXb_6D0jkyAWDVg&_nc_ohc=xoTs_X5Iy_QQ7kNvwE33Ty9&_nc_gid=KPf5NuEJm58Ywbzf5IaC7Q&edm=AI-cjbYBAAAA&ccb=7-5&oh=00_AfWNhZZhvtCIwNmVY5UYSXDBpmwrZqRX9olaCXK0w92VLg&oe=689AD043&_nc_sid=0985b0,"07/08/2025, 23:01:22"
3978625058,jithinchazhoormathew_,18020505482733139,❤️,https://www.instagram.com/jithinchazhoormathew_,https://scontent-pnq1-1.cdninstagram.com/v/t51.2885-19/324091452_736306881399499_5758223503482014105_n.jpg?stp=dst-jpg_s150x150_tt6&efg=eyJ2ZW5jb2RlX3RhZyI6InByb2ZpbGVfcGljLmRqYW5nby45NTYuYzIifQ&_nc_ht=scontent-pnq1-1.cdninstagram.com&_nc_cat=107&_nc_oc=Q6cZ2QEwC1zN5nwEnRxeymaOEEDP2aL_5BFPckfahCR6I_s6tapS94KBZXb_6D0jkyAWDVg&_nc_ohc=mnDwgw9r0eYQ7kNvwFTSu5U&_nc_gid=KPf5NuEJm58Ywbzf5IaC7Q&edm=AI-cjbYBAAAA&ccb=7-5&oh=00_AfUFRB-e3qIN7-9bp2cfIj1_8deMMs48zim1WjHwAvAo9w&oe=689ADB03&_nc_sid=0985b0,"07/08/2025, 23:03:45"
19972430280,rolo__dexx._,18136372468425127,🤍,https://www.instagram.com/rolo__dexx._,https://scontent-pnq1-2.cdninstagram.com/v/t51.2885-19/426606947_1032226274543646_3900477592643000781_n.jpg?stp=dst-jpg_s150x150_tt6&efg=eyJ2ZW5jb2RlX3RhZyI6InByb2ZpbGVfcGljLmRqYW5nby4xMDgwLmMyIn0&_nc_ht=scontent-pnq1-2.cdninstagram.com&_nc_cat=106&_nc_oc=Q6cZ2QEwC1zN5nwEnRxeymaOEEDP2aL_5BFPckfahCR6I_s6tapS94KBZXb_6D0jkyAWDVg&_nc_ohc=mDfCgTIywv4Q7kNvwHZrOGO&_nc_gid=KPf5NuEJm58Ywbzf5IaC7Q&edm=AI-cjbYBAAAA&ccb=7-5&oh=00_AfVJr83HFI_LMAU8fXXMOepDP8uJvtkLrUAUDxo_X2PSjA&oe=689ADFC7&_nc_sid=0985b0,"07/08/2025, 23:03:47"
3978625058,jithinchazhoormathew_,18352950769083785,God Bless You,https://www.instagram.com/jithinchazhoormathew_,https://scontent-pnq1-1.cdninstagram.com/v/t51.2885-19/324091452_736306881399499_5758223503482014105_n.jpg?stp=dst-jpg_s150x150_tt6&efg=eyJ2ZW5jb2RlX3RhZyI6InByb2ZpbGVfcGljLmRqYW5nby45NTYuYzIifQ&_nc_ht=scontent-pnq1-1.cdninstagram.com&_nc_cat=107&_nc_oc=Q6cZ2QEwC1zN5nwEnRxeymaOEEDP2aL_5BFPckfahCR6I_s6tapS94KBZXb_6D0jkyAWDVg&_nc_ohc=mnDwgw9r0eYQ7kNvwFTSu5U&_nc_gid=KPf5NuEJm58Ywbzf5IaC7Q&edm=AI-cjbYBAAAA&ccb=7-5&oh=00_AfUFRB-e3qIN7-9bp2cfIj1_8deMMs48zim1WjHwAvAo9w&oe=689ADB03&_nc_sid=0985b0,"07/08/2025, 23:03:55"
4793077234,iqbalup,18040183322659681,👏,https://www.instagram.com/iqbalup,https://scontent-pnq1-1.cdninstagram.com/v/t51.2885-19/151402617_1896136877191029_2110534842524194901_n.jpg?stp=dst-jpg_s150x150_tt6&efg=eyJ2ZW5jb2RlX3RhZyI6InByb2ZpbGVfcGljLmRqYW5nby43NjcuYzIifQ&_nc_ht=scontent-pnq1-1.cdninstagram.com&_nc_cat=109&_nc_oc=Q6cZ2QEwC1zN5nwEnRxeymaOEEDP2aL_5BFPckfahCR6I_s6tapS94KBZXb_6D0jkyAWDVg&_nc_ohc=YICm8phFpnAQ7kNvwGpeY8H&_nc_gid=KPf5NuEJm58Ywbzf5IaC7Q&edm=AI-cjbYBAAAA&ccb=7-5&oh=00_AfVfjUxdKOfLmLJYIrEd8uSZtYKWSEvIAyvACWHSEsGhbA&oe=689ADBB2&_nc_sid=0985b0,"07/08/2025, 23:05:12"
39435415911,mani_anbe.sivam,18067833668164192,Soap,https://www.instagram.com/mani_anbe.sivam,https://scontent-pnq1-2.cdninstagram.com/v/t51.2885-19/447961341_382492300908923_5665232200264103893_n.jpg?stp=dst-jpg_s150x150_tt6&efg=eyJ2ZW5jb2RlX3RhZyI6InByb2ZpbGVfcGljLmRqYW5nby4xMDgwLmMyIn0&_nc_ht=scontent-pnq1-2.cdninstagram.com&_nc_cat=111&_nc_oc=Q6cZ2QEwC1zN5nwEnRxeymaOEEDP2aL_5BFPckfahCR6I_s6tapS94KBZXb_6D0jkyAWDVg&_nc_ohc=mjxG6hKB5H4Q7kNvwEmxRpW&_nc_gid=KPf5NuEJm58Ywbzf5IaC7Q&edm=AI-cjbYBAAAA&ccb=7-5&oh=00_AfWyHseuhX8aDknwopNddeGX6CRK7tH_fEgbpxZLy1LoPQ&oe=689ADF3E&_nc_sid=0985b0,"07/08/2025, 23:06:10"
6642882010,rashiq_palathingal_,17994065627670023,😍,https://www.instagram.com/rashiq_palathingal_,https://scontent-pnq1-2.cdninstagram.com/v/t51.2885-19/470908126_915438347370035_9130103206432113401_n.jpg?stp=dst-jpg_s150x150_tt6&efg=eyJ2ZW5jb2RlX3RhZyI6InByb2ZpbGVfcGljLmRqYW5nby4xMDgwLmMyIn0&_nc_ht=scontent-pnq1-2.cdninstagram.com&_nc_cat=111&_nc_oc=Q6cZ2QEwC1zN5nwEnRxeymaOEEDP2aL_5BFPckfahCR6I_s6tapS94KBZXb_6D0jkyAWDVg&_nc_ohc=k0F3iKzWeowQ7kNvwFhJn6d&_nc_gid=KPf5NuEJm58Ywbzf5IaC7Q&edm=AI-cjbYBAAAA&ccb=7-5&oh=00_AfWc4UftjUf_B9FHUlT4KPHdcFdpWerWZ2rUyJ8wJrFAAQ&oe=689ADC8E&_nc_sid=0985b0,"07/08/2025, 23:06:21"
67489098122,adhil_4h4l,18369819532178486,🔥,https://www.instagram.com/adhil_4h4l,https://scontent-pnq1-1.cdninstagram.com/v/t51.2885-19/504062022_17895528159250123_9005545828547446885_n.jpg?stp=dst-jpg_s150x150_tt6&efg=eyJ2ZW5jb2RlX3RhZyI6InByb2ZpbGVfcGljLmRqYW5nby4xMDgwLmMyIn0&_nc_ht=scontent-pnq1-1.cdninstagram.com&_nc_cat=107&_nc_oc=Q6cZ2QEwC1zN5nwEnRxeymaOEEDP2aL_5BFPckfahCR6I_s6tapS94KBZXb_6D0jkyAWDVg&_nc_ohc=qcY_N5dxVkUQ7kNvwEhxSd2&_nc_gid=KPf5NuEJm58Ywbzf5IaC7Q&edm=AI-cjbYBAAAA&ccb=7-5&oh=00_AfXtNdjIJiR3HobCyWA9df2Wy3BArPy2lxkANpPru77Meg&oe=689AD211&_nc_sid=0985b0,"07/08/2025, 23:08:19"
5883916252,anees.745,18120164194470779,🔥,https://www.instagram.com/anees.745,https://scontent-pnq1-1.cdninstagram.com/v/t51.2885-19/20760008_334756903643758_5691438687812845568_a.jpg?stp=dst-jpg_s150x150_tt6&efg=eyJ2ZW5jb2RlX3RhZyI6InByb2ZpbGVfcGljLmRqYW5nby42NDAuYzIifQ&_nc_ht=scontent-pnq1-1.cdninstagram.com&_nc_cat=110&_nc_oc=Q6cZ2QEwC1zN5nwEnRxeymaOEEDP2aL_5BFPckfahCR6I_s6tapS94KBZXb_6D0jkyAWDVg&_nc_ohc=wGSNQr4mWRoQ7kNvwFdSrq6&_nc_gid=KPf5NuEJm58Ywbzf5IaC7Q&edm=AI-cjbYBAAAA&ccb=7-5&oh=00_AfWBNWdnP9nmKbLeecGfnZHTNOMYkTsD3n05qtGzrHbphQ&oe=689AAE25&_nc_sid=0985b0,"07/08/2025, 23:08:27"
50661427849,surya_raj_05,18149796166395213,🔥,https://www.instagram.com/surya_raj_05,https://scontent-pnq1-2.cdninstagram.com/v/t51.2885-19/299364125_578396254014612_1267132962235848876_n.jpg?stp=dst-jpg_s150x150_tt6&efg=eyJ2ZW5jb2RlX3RhZyI6InByb2ZpbGVfcGljLmRqYW5nby43MjAuYzIifQ&_nc_ht=scontent-pnq1-2.cdninstagram.com&_nc_cat=100&_nc_oc=Q6cZ2QEwC1zN5nwEnRxeymaOEEDP2aL_5BFPckfahCR6I_s6tapS94KBZXb_6D0jkyAWDVg&_nc_ohc=Ss12-j3uceUQ7kNvwGp2g6A&_nc_gid=KPf5NuEJm58Ywbzf5IaC7Q&edm=AI-cjbYBAAAA&ccb=7-5&oh=00_AfUiUJ4spGIUPs-8yORuqPeOCFRF7oAFhbbWs64LdTfKIg&oe=689ADBED&_nc_sid=0985b0,"07/08/2025, 23:08:33"
45181529163,shade_of_nature_wonder,18182005579331127,Love ❤️🔥,https://www.instagram.com/shade_of_nature_wonder,https://scontent-pnq1-1.cdninstagram.com/v/t51.2885-19/486439194_1660431742018708_149055211114101531_n.jpg?stp=dst-jpg_s150x150_tt6&efg=eyJ2ZW5jb2RlX3RhZyI6InByb2ZpbGVfcGljLmRqYW5nby4xMDgwLmMyIn0&_nc_ht=scontent-pnq1-1.cdninstagram.com&_nc_cat=104&_nc_oc=Q6cZ2QEwC1zN5nwEnRxeymaOEEDP2aL_5BFPckfahCR6I_s6tapS94KBZXb_6D0jkyAWDVg&_nc_ohc=EJE0S-WdnPcQ7kNvwEd2qEN&_nc_gid=KPf5NuEJm58Ywbzf5IaC7Q&edm=AI-cjbYBAAAA&ccb=7-5&oh=00_AfUSY5hYvAXmxUWizXFvGGNmigjFDJIslLmY44XNRqIJEw&oe=689AAD69&_nc_sid=0985b0,"07/08/2025, 23:09:10"
67996330343,sms_3012,18001853618796093,🥰🥰😘😘😘😊😊,https://www.instagram.com/sms_3012,https://scontent-pnq1-1.cdninstagram.com/v/t51.2885-19/523924285_17895342768266344_6747262150284676952_n.jpg?stp=dst-jpg_s150x150_tt6&efg=eyJ2ZW5jb2RlX3RhZyI6InByb2ZpbGVfcGljLmRqYW5nby43MTkuYzIifQ&_nc_ht=scontent-pnq1-1.cdninstagram.com&_nc_cat=104&_nc_oc=Q6cZ2QEwC1zN5nwEnRxeymaOEEDP2aL_5BFPckfahCR6I_s6tapS94KBZXb_6D0jkyAWDVg&_nc_ohc=dEljVfRM730Q7kNvwELI1u6&_nc_gid=KPf5NuEJm58Ywbzf5IaC7Q&edm=AI-cjbYBAAAA&ccb=7-5&oh=00_AfUNPRPbxYrGtSbyblEAQXoGjaZD-6tBYGmVQ-3Grmg2Yw&oe=689AB47D&_nc_sid=0985b0,"07/08/2025, 23:09:42"
63989784793,sinwar.409,18048123980268193,❤️,https://www.instagram.com/sinwar.409,https://scontent-pnq1-1.cdninstagram.com/v/t51.2885-19/525778371_17921907273128794_4217980710915007062_n.jpg?stp=dst-jpg_s150x150_tt6&efg=eyJ2ZW5jb2RlX3RhZyI6InByb2ZpbGVfcGljLmRqYW5nby4xMDgwLmMyIn0&_nc_ht=scontent-pnq1-1.cdninstagram.com&_nc_cat=110&_nc_oc=Q6cZ2QEwC1zN5nwEnRxeymaOEEDP2aL_5BFPckfahCR6I_s6tapS94KBZXb_6D0jkyAWDVg&_nc_ohc=8rLEgyaYsekQ7kNvwEopQX1&_nc_gid=KPf5NuEJm58Ywbzf5IaC7Q&edm=AI-cjbYBAAAA&ccb=7-5&oh=00_AfX0AfQVx4PjSWsFjzQKvYlGHJxVLXd_HwKBsKyWyA0j3A&oe=689ABFE5&_nc_sid=0985b0,"07/08/2025, 23:10:13"
4207202207,vivek_chin,18071920517044746,❤️,https://www.instagram.com/vivek_chin,https://scontent-pnq1-1.cdninstagram.com/v/t51.2885-19/464243111_590941729935712_7353619731076387289_n.jpg?stp=dst-jpg_s150x150_tt6&efg=eyJ2ZW5jb2RlX3RhZyI6InByb2ZpbGVfcGljLmRqYW5nby45MTEuYzIifQ&_nc_ht=scontent-pnq1-1.cdninstagram.com&_nc_cat=104&_nc_oc=Q6cZ2QEwC1zN5nwEnRxeymaOEEDP2aL_5BFPckfahCR6I_s6tapS94KBZXb_6D0jkyAWDVg&_nc_ohc=pnWRHRgW0skQ7kNvwERDA-A&_nc_gid=KPf5NuEJm58Ywbzf5IaC7Q&edm=AI-cjbYBAAAA&ccb=7-5&oh=00_AfUI3TqmuQFMDkRV24fZoARsxqwmyNF-YaC4Phywu3-BDQ&oe=689AC8F0&_nc_sid=0985b0,"07/08/2025, 23:10:25"
63989784793,sinwar.409,18054225224152611,Elaria,https://www.instagram.com/sinwar.409,https://scontent-pnq1-1.cdninstagram.com/v/t51.2885-19/525778371_17921907273128794_4217980710915007062_n.jpg?stp=dst-jpg_s150x150_tt6&efg=eyJ2ZW5jb2RlX3RhZyI6InByb2ZpbGVfcGljLmRqYW5nby4xMDgwLmMyIn0&_nc_ht=scontent-pnq1-1.cdninstagram.com&_nc_cat=110&_nc_oc=Q6cZ2QEwC1zN5nwEnRxeymaOEEDP2aL_5BFPckfahCR6I_s6tapS94KBZXb_6D0jkyAWDVg&_nc_ohc=8rLEgyaYsekQ7kNvwEopQX1&_nc_gid=KPf5NuEJm58Ywbzf5IaC7Q&edm=AI-cjbYBAAAA&ccb=7-5&oh=00_AfX0AfQVx4PjSWsFjzQKvYlGHJxVLXd_HwKBsKyWyA0j3A&oe=689ABFE5&_nc_sid=0985b0,"07/08/2025, 23:10:41"
63989784793,sinwar.409,18106510228490423,🔥,https://www.instagram.com/sinwar.409,https://scontent-pnq1-1.cdninstagram.com/v/t51.2885-19/525778371_17921907273128794_4217980710915007062_n.jpg?stp=dst-jpg_s150x150_tt6&efg=eyJ2ZW5jb2RlX3RhZyI6InByb2ZpbGVfcGljLmRqYW5nby4xMDgwLmMyIn0&_nc_ht=scontent-pnq1-1.cdninstagram.com&_nc_cat=110&_nc_oc=Q6cZ2QEwC1zN5nwEnRxeymaOEEDP2aL_5BFPckfahCR6I_s6tapS94KBZXb_6D0jkyAWDVg&_nc_ohc=8rLEgyaYsekQ7kNvwEopQX1&_nc_gid=KPf5NuEJm58Ywbzf5IaC7Q&edm=AI-cjbYBAAAA&ccb=7-5&oh=00_AfX0AfQVx4PjSWsFjzQKvYlGHJxVLXd_HwKBsKyWyA0j3A&oe=689ABFE5&_nc_sid=0985b0,"07/08/2025, 23:10:43"
63989784793,sinwar.409,18076056811953238,❤️,https://www.instagram.com/sinwar.409,https://scontent-pnq1-1.cdninstagram.com/v/t51.2885-19/525778371_17921907273128794_4217980710915007062_n.jpg?stp=dst-jpg_s150x150_tt6&efg=eyJ2ZW5jb2RlX3RhZyI6InByb2ZpbGVfcGljLmRqYW5nby4xMDgwLmMyIn0&_nc_ht=scontent-pnq1-1.cdninstagram.com&_nc_cat=110&_nc_oc=Q6cZ2QEwC1zN5nwEnRxeymaOEEDP2aL_5BFPckfahCR6I_s6tapS94KBZXb_6D0jkyAWDVg&_nc_ohc=8rLEgyaYsekQ7kNvwEopQX1&_nc_gid=KPf5NuEJm58Ywbzf5IaC7Q&edm=AI-cjbYBAAAA&ccb=7-5&oh=00_AfX0AfQVx4PjSWsFjzQKvYlGHJxVLXd_HwKBsKyWyA0j3A&oe=689ABFE5&_nc_sid=0985b0,"07/08/2025, 23:10:44"
26326320481,shamnad_kk_,18088431556758499,❤️,https://www.instagram.com/shamnad_kk_,https://instagram.fdel3-2.fna.fbcdn.net/v/t51.2885-19/464760996_1254146839119862_3605321457742435801_n.png?stp=dst-jpg_e0_s150x150_tt6&cb=8577c754-c2464923&efg=eyJ2ZW5jb2RlX3RhZyI6InByb2ZpbGVfcGljLmRqYW5nby4xNTAuYzIifQ&_nc_ht=instagram.fdel3-2.fna.fbcdn.net&_nc_cat=1&_nc_oc=Q6cZ2QGoASJc3LqcPEFr7ibrbZGfGVtayKqIG1At_dj7f_JPzKyvksyNRxzdGVkwl31LSzN5_5I2jLruzs-8jaDtuB2d&_nc_ohc=2OvDo5jgcmcQ7kNvwFTDv37&_nc_gid=C_4cPE4S6GzxwIeYZHDKsA&edm=AEVnrqQBAAAA&ccb=7-5&ig_cache_key=YW5vbnltb3VzX3Byb2ZpbGVfcGlj.3-ccb7-5-cb8577c754-c2464923&oh=00_AfU4yMJDgVBSy8wpWLAHbevgpslmExRpfz6KPxKr1AZLKw&oe=689AAF68&_nc_sid=f8b7b3,"07/08/2025, 23:11:25"
60914996614,topupmobilenadapuram,18085335796826078,Ep,https://www.instagram.com/topupmobilenadapuram,https://scontent-pnq1-1.cdninstagram.com/v/t51.2885-19/365132623_824868462362290_552872499992047622_n.jpg?stp=dst-jpg_s150x150_tt6&efg=eyJ2ZW5jb2RlX3RhZyI6InByb2ZpbGVfcGljLmRqYW5nby45NjAuYzIifQ&_nc_ht=scontent-pnq1-1.cdninstagram.com&_nc_cat=110&_nc_oc=Q6cZ2QEwC1zN5nwEnRxeymaOEEDP2aL_5BFPckfahCR6I_s6tapS94KBZXb_6D0jkyAWDVg&_nc_ohc=ZUoZdutGZXMQ7kNvwF8sos0&_nc_gid=KPf5NuEJm58Ywbzf5IaC7Q&edm=AI-cjbYBAAAA&ccb=7-5&oh=00_AfUQ_JTGrNNrqz6HnDB-5ZRRO9trDCNv_IzJAg1nUtenkA&oe=689AACEA&_nc_sid=0985b0,"07/08/2025, 23:12:17"
2048088602,unaischaone,18078864505929854,elaria,https://www.instagram.com/unaischaone,https://scontent-pnq1-1.cdninstagram.com/v/t51.2885-19/470943532_1238906994080410_3743637550352404744_n.jpg?stp=dst-jpg_s150x150_tt6&efg=eyJ2ZW5jb2RlX3RhZyI6InByb2ZpbGVfcGljLmRqYW5nby4xMDgwLmMyIn0&_nc_ht=scontent-pnq1-1.cdninstagram.com&_nc_cat=110&_nc_oc=Q6cZ2QEwC1zN5nwEnRxeymaOEEDP2aL_5BFPckfahCR6I_s6tapS94KBZXb_6D0jkyAWDVg&_nc_ohc=KvdbQ39e91wQ7kNvwG4JAt2&_nc_gid=KPf5NuEJm58Ywbzf5IaC7Q&edm=AI-cjbYBAAAA&ccb=7-5&oh=00_AfXrnIPLMcCHXsMdhiDhB1l4jjy0T3IPlTMVyhxwfvzgPQ&oe=689ADDC1&_nc_sid=0985b0,"07/08/2025, 23:13:47"
69576323423,alligator.408067,18037130702691141,Super bro ❤️❤️🤍🤍,https://www.instagram.com/alligator.408067,https://scontent-pnq1-1.cdninstagram.com/v/t51.2885-19/463008400_8497305757020621_573718783726629341_n.jpg?stp=dst-jpg_s150x150_tt6&efg=eyJ2ZW5jb2RlX3RhZyI6InByb2ZpbGVfcGljLmRqYW5nby43MzYuYzIifQ&_nc_ht=scontent-pnq1-1.cdninstagram.com&_nc_cat=109&_nc_oc=Q6cZ2QEwC1zN5nwEnRxeymaOEEDP2aL_5BFPckfahCR6I_s6tapS94KBZXb_6D0jkyAWDVg&_nc_ohc=rD4Vr8ehtKIQ7kNvwG19aDg&_nc_gid=KPf5NuEJm58Ywbzf5IaC7Q&edm=AI-cjbYBAAAA&ccb=7-5&oh=00_AfVwhqJlpbh4RLQDM1629Hp6HTBrNwU1lVHz_AJHIAeYFQ&oe=689ACD99&_nc_sid=0985b0,"07/08/2025, 23:15:38"
74094487427,rabeeh3619,17844444507545156,Best wishes,https://www.instagram.com/rabeeh3619,https://scontent-pnq1-1.cdninstagram.com/v/t51.2885-19/496184353_17846171520471428_3776542739414801067_n.jpg?stp=dst-jpg_s150x150_tt6&efg=eyJ2ZW5jb2RlX3RhZyI6InByb2ZpbGVfcGljLmRqYW5nby4xMDgwLmMyIn0&_nc_ht=scontent-pnq1-1.cdninstagram.com&_nc_cat=108&_nc_oc=Q6cZ2QEwC1zN5nwEnRxeymaOEEDP2aL_5BFPckfahCR6I_s6tapS94KBZXb_6D0jkyAWDVg&_nc_ohc=ocWJcgTm_rAQ7kNvwGVWhEG&_nc_gid=KPf5NuEJm58Ywbzf5IaC7Q&edm=AI-cjbYBAAAA&ccb=7-5&oh=00_AfXZR8l3xl50NEQ5i3yLU90QX8bCAFQMLMEqHE7c_NZtyQ&oe=689ABB1B&_nc_sid=0985b0,"07/08/2025, 23:15:49"
52060606188,mustha.fa._,18283236256262788,Insha allah,https://www.instagram.com/mustha.fa._,https://scontent-pnq1-2.cdninstagram.com/v/t51.2885-19/458739369_2066728787091018_1282166680873020615_n.jpg?stp=dst-jpg_s150x150_tt6&efg=eyJ2ZW5jb2RlX3RhZyI6InByb2ZpbGVfcGljLmRqYW5nby4xMDgwLmMyIn0&_nc_ht=scontent-pnq1-2.cdninstagram.com&_nc_cat=106&_nc_oc=Q6cZ2QEwC1zN5nwEnRxeymaOEEDP2aL_5BFPckfahCR6I_s6tapS94KBZXb_6D0jkyAWDVg&_nc_ohc=2T8gPG33dasQ7kNvwGd56nG&_nc_gid=KPf5NuEJm58Ywbzf5IaC7Q&edm=AI-cjbYBAAAA&ccb=7-5&oh=00_AfXq-2qnjfP8vmCmZSNFw45w16_BoUu1GZKTucWW5whCDQ&oe=689ACB41&_nc_sid=0985b0,"07/08/2025, 23:18:58"
1527505179,rahoof__parakkat,18071698823016244,🔥❤️🔥❤️,https://www.instagram.com/rahoof__parakkat,https://scontent-pnq1-2.cdninstagram.com/v/t51.2885-19/269929576_1536233243436687_7636081968921367478_n.jpg?stp=dst-jpg_s150x150_tt6&efg=eyJ2ZW5jb2RlX3RhZyI6InByb2ZpbGVfcGljLmRqYW5nby44OTUuYzIifQ&_nc_ht=scontent-pnq1-2.cdninstagram.com&_nc_cat=103&_nc_oc=Q6cZ2QEwC1zN5nwEnRxeymaOEEDP2aL_5BFPckfahCR6I_s6tapS94KBZXb_6D0jkyAWDVg&_nc_ohc=oxpDPNz0bdkQ7kNvwGZVcr9&_nc_gid=KPf5NuEJm58Ywbzf5IaC7Q&edm=AI-cjbYBAAAA&ccb=7-5&oh=00_AfXlOoIXOMfwc6OeEvo-lObXBPVtA6WhzC2uJeQLepCEig&oe=689AAF81&_nc_sid=0985b0,"07/08/2025, 23:19:09"
58219807471,kofta_ca,18062463329211560,😍,https://www.instagram.com/kofta_ca,https://scontent-pnq1-1.cdninstagram.com/v/t51.2885-19/333545944_5979515995459213_3927734771126935962_n.jpg?stp=dst-jpg_s150x150_tt6&efg=eyJ2ZW5jb2RlX3RhZyI6InByb2ZpbGVfcGljLmRqYW5nby44MzkuYzIifQ&_nc_ht=scontent-pnq1-1.cdninstagram.com&_nc_cat=101&_nc_oc=Q6cZ2QEwC1zN5nwEnRxeymaOEEDP2aL_5BFPckfahCR6I_s6tapS94KBZXb_6D0jkyAWDVg&_nc_ohc=NGnkJGiVeywQ7kNvwGWyW_p&_nc_gid=KPf5NuEJm58Ywbzf5IaC7Q&edm=AI-cjbYBAAAA&ccb=7-5&oh=00_AfWwqH4FP6lAEas5mPNB7k8gkvsJUXDEPtD2p9Ee86eImA&oe=689AC531&_nc_sid=0985b0,"07/08/2025, 23:19:15"
56595605773,arunlawrence526,18365773849195800,😍👍,https://www.instagram.com/arunlawrence526,https://scontent-pnq1-2.cdninstagram.com/v/t51.2885-19/521861229_17976173369885774_8087183987095839968_n.jpg?stp=dst-jpg_s150x150_tt6&efg=eyJ2ZW5jb2RlX3RhZyI6InByb2ZpbGVfcGljLmRqYW5nby4xMDgwLmMyIn0&_nc_ht=scontent-pnq1-2.cdninstagram.com&_nc_cat=102&_nc_oc=Q6cZ2QEwC1zN5nwEnRxeymaOEEDP2aL_5BFPckfahCR6I_s6tapS94KBZXb_6D0jkyAWDVg&_nc_ohc=yIuKGC9MLcMQ7kNvwHI_yqV&_nc_gid=KPf5NuEJm58Ywbzf5IaC7Q&edm=AI-cjbYBAAAA&ccb=7-5&oh=00_AfWYQDklaFd7a6ZcJif3N2B_J0CN1mEPsAWtwd9Q3qfFlg&oe=689AB00F&_nc_sid=0985b0,"07/08/2025, 23:19:16"
36576954394,sha_hi.i_,17952812085002445,Insha allah,https://www.instagram.com/sha_hi.i_,https://scontent-pnq1-1.cdninstagram.com/v/t51.2885-19/482565955_1125507965994640_1251814448725754356_n.jpg?stp=dst-jpg_s150x150_tt6&efg=eyJ2ZW5jb2RlX3RhZyI6InByb2ZpbGVfcGljLmRqYW5nby4xMDgwLmMyIn0&_nc_ht=scontent-pnq1-1.cdninstagram.com&_nc_cat=104&_nc_oc=Q6cZ2QEwC1zN5nwEnRxeymaOEEDP2aL_5BFPckfahCR6I_s6tapS94KBZXb_6D0jkyAWDVg&_nc_ohc=Re5G5nvY0AoQ7kNvwG2H-8P&_nc_gid=KPf5NuEJm58Ywbzf5IaC7Q&edm=AI-cjbYBAAAA&ccb=7-5&oh=00_AfXwsfi7XyLlESHfrut4QI5gdB6_CCaj4N0XLYPxhtdr3g&oe=689AD71F&_nc_sid=0985b0,"07/08/2025, 23:22:38"
6856590723,mhd_saheer_cm,18010776347780823,Kittooo,https://www.instagram.com/mhd_saheer_cm,https://scontent-pnq1-2.cdninstagram.com/v/t51.2885-19/317400011_1840714186293732_8806384007050182207_n.jpg?stp=dst-jpg_s150x150_tt6&efg=eyJ2ZW5jb2RlX3RhZyI6InByb2ZpbGVfcGljLmRqYW5nby4xMDgwLmMyIn0&_nc_ht=scontent-pnq1-2.cdninstagram.com&_nc_cat=100&_nc_oc=Q6cZ2QEwC1zN5nwEnRxeymaOEEDP2aL_5BFPckfahCR6I_s6tapS94KBZXb_6D0jkyAWDVg&_nc_ohc=zNxcweI3ccMQ7kNvwEanwZJ&_nc_gid=KPf5NuEJm58Ywbzf5IaC7Q&edm=AI-cjbYBAAAA&ccb=7-5&oh=00_AfVyWFPGkCBQtwzTgQqmPqSTLcH_f0QQf15BZhauypq7bg&oe=689AAC5D&_nc_sid=0985b0,"07/08/2025, 23:25:25"
4080551115,habibrahmankc,17848073325505856,🔥🔥🔥,https://www.instagram.com/habibrahmankc,https://scontent-pnq1-1.cdninstagram.com/v/t51.2885-19/504647425_18389767129143116_7050668841200593669_n.jpg?stp=dst-jpg_s150x150_tt6&efg=eyJ2ZW5jb2RlX3RhZyI6InByb2ZpbGVfcGljLmRqYW5nby43OTcuYzIifQ&_nc_ht=scontent-pnq1-1.cdninstagram.com&_nc_cat=108&_nc_oc=Q6cZ2QEwC1zN5nwEnRxeymaOEEDP2aL_5BFPckfahCR6I_s6tapS94KBZXb_6D0jkyAWDVg&_nc_ohc=fTNkeY2OCD8Q7kNvwHomZk1&_nc_gid=KPf5NuEJm58Ywbzf5IaC7Q&edm=AI-cjbYBAAAA&ccb=7-5&oh=00_AfVP0bM6NfXEBU8oUXQDhCymgjIkbRWjNVnjwnPmgHnCog&oe=689ADCB0&_nc_sid=0985b0,"07/08/2025, 23:26:51"
4080551115,habibrahmankc,18020751221543022,❤️❤️❤️,https://www.instagram.com/habibrahmankc,https://scontent-pnq1-1.cdninstagram.com/v/t51.2885-19/504647425_18389767129143116_7050668841200593669_n.jpg?stp=dst-jpg_s150x150_tt6&efg=eyJ2ZW5jb2RlX3RhZyI6InByb2ZpbGVfcGljLmRqYW5nby43OTcuYzIifQ&_nc_ht=scontent-pnq1-1.cdninstagram.com&_nc_cat=108&_nc_oc=Q6cZ2QEwC1zN5nwEnRxeymaOEEDP2aL_5BFPckfahCR6I_s6tapS94KBZXb_6D0jkyAWDVg&_nc_ohc=fTNkeY2OCD8Q7kNvwHomZk1&_nc_gid=KPf5NuEJm58Ywbzf5IaC7Q&edm=AI-cjbYBAAAA&ccb=7-5&oh=00_AfVP0bM6NfXEBU8oUXQDhCymgjIkbRWjNVnjwnPmgHnCog&oe=689ADCB0&_nc_sid=0985b0,"07/08/2025, 23:26:54"
21898560457,mr.sebeer,17916403887119352,❤️❤️,https://www.instagram.com/mr.sebeer,https://instagram.fdel3-2.fna.fbcdn.net/v/t51.2885-19/464760996_1254146839119862_3605321457742435801_n.png?stp=dst-jpg_e0_s150x150_tt6&cb=8577c754-c2464923&efg=eyJ2ZW5jb2RlX3RhZyI6InByb2ZpbGVfcGljLmRqYW5nby4xNTAuYzIifQ&_nc_ht=instagram.fdel3-2.fna.fbcdn.net&_nc_cat=1&_nc_oc=Q6cZ2QGoASJc3LqcPEFr7ibrbZGfGVtayKqIG1At_dj7f_JPzKyvksyNRxzdGVkwl31LSzN5_5I2jLruzs-8jaDtuB2d&_nc_ohc=2OvDo5jgcmcQ7kNvwFTDv37&_nc_gid=C_4cPE4S6GzxwIeYZHDKsA&edm=AEVnrqQBAAAA&ccb=7-5&ig_cache_key=YW5vbnltb3VzX3Byb2ZpbGVfcGlj.3-ccb7-5-cb8577c754-c2464923&oh=00_AfU4yMJDgVBSy8wpWLAHbevgpslmExRpfz6KPxKr1AZLKw&oe=689AAF68&_nc_sid=f8b7b3,"07/08/2025, 23:27:30"
64586358870,ajithlalpthoppil,17941435668031753,Nice,https://www.instagram.com/ajithlalpthoppil,https://scontent-pnq1-1.cdninstagram.com/v/t51.2885-19/422123830_1087052819279290_6624041793586383482_n.jpg?stp=dst-jpg_s150x150_tt6&efg=eyJ2ZW5jb2RlX3RhZyI6InByb2ZpbGVfcGljLmRqYW5nby42NDAuYzIifQ&_nc_ht=scontent-pnq1-1.cdninstagram.com&_nc_cat=110&_nc_oc=Q6cZ2QEwC1zN5nwEnRxeymaOEEDP2aL_5BFPckfahCR6I_s6tapS94KBZXb_6D0jkyAWDVg&_nc_ohc=l0QSTX2Itb4Q7kNvwHZ16aq&_nc_gid=KPf5NuEJm58Ywbzf5IaC7Q&edm=AI-cjbYBAAAA&ccb=7-5&oh=00_AfUsIXn1jcVqV0Kmy3eBs1fmIm1PK__wP70fODN-kFYj6Q&oe=689ADF76&_nc_sid=0985b0,"07/08/2025, 23:27:31"
4361682022,abid_kondotty,18056563205593270,😍👏,https://www.instagram.com/abid_kondotty,https://scontent-pnq1-1.cdninstagram.com/v/t51.2885-19/461343009_1192835408691136_1967247047351173719_n.jpg?stp=dst-jpg_s150x150_tt6&efg=eyJ2ZW5jb2RlX3RhZyI6InByb2ZpbGVfcGljLmRqYW5nby42MzkuYzIifQ&_nc_ht=scontent-pnq1-1.cdninstagram.com&_nc_cat=104&_nc_oc=Q6cZ2QEwC1zN5nwEnRxeymaOEEDP2aL_5BFPckfahCR6I_s6tapS94KBZXb_6D0jkyAWDVg&_nc_ohc=S6xhRnPs8CcQ7kNvwG6zFGr&_nc_gid=KPf5NuEJm58Ywbzf5IaC7Q&edm=AI-cjbYBAAAA&ccb=7-5&oh=00_AfUPf6cybYXX0hTcJo2MopFiqdwuJwt8FtUwd6arbAIGCw&oe=689ADFE1&_nc_sid=0985b0,"07/08/2025, 23:27:49"
4361682022,abid_kondotty,18065579018242759,Good,https://www.instagram.com/abid_kondotty,https://scontent-pnq1-1.cdninstagram.com/v/t51.2885-19/461343009_1192835408691136_1967247047351173719_n.jpg?stp=dst-jpg_s150x150_tt6&efg=eyJ2ZW5jb2RlX3RhZyI6InByb2ZpbGVfcGljLmRqYW5nby42MzkuYzIifQ&_nc_ht=scontent-pnq1-1.cdninstagram.com&_nc_cat=104&_nc_oc=Q6cZ2QEwC1zN5nwEnRxeymaOEEDP2aL_5BFPckfahCR6I_s6tapS94KBZXb_6D0jkyAWDVg&_nc_ohc=S6xhRnPs8CcQ7kNvwG6zFGr&_nc_gid=KPf5NuEJm58Ywbzf5IaC7Q&edm=AI-cjbYBAAAA&ccb=7-5&oh=00_AfUPf6cybYXX0hTcJo2MopFiqdwuJwt8FtUwd6arbAIGCw&oe=689ADFE1&_nc_sid=0985b0,"07/08/2025, 23:27:56"
4361682022,abid_kondotty,17977732499745674,🔥,https://www.instagram.com/abid_kondotty,https://scontent-pnq1-1.cdninstagram.com/v/t51.2885-19/461343009_1192835408691136_1967247047351173719_n.jpg?stp=dst-jpg_s150x150_tt6&efg=eyJ2ZW5jb2RlX3RhZyI6InByb2ZpbGVfcGljLmRqYW5nby42MzkuYzIifQ&_nc_ht=scontent-pnq1-1.cdninstagram.com&_nc_cat=104&_nc_oc=Q6cZ2QEwC1zN5nwEnRxeymaOEEDP2aL_5BFPckfahCR6I_s6tapS94KBZXb_6D0jkyAWDVg&_nc_ohc=S6xhRnPs8CcQ7kNvwG6zFGr&_nc_gid=KPf5NuEJm58Ywbzf5IaC7Q&edm=AI-cjbYBAAAA&ccb=7-5&oh=00_AfUPf6cybYXX0hTcJo2MopFiqdwuJwt8FtUwd6arbAIGCw&oe=689ADFE1&_nc_sid=0985b0,"07/08/2025, 23:28:00"
4361682022,abid_kondotty,17949099206875262,😍,https://www.instagram.com/abid_kondotty,https://scontent-pnq1-1.cdninstagram.com/v/t51.2885-19/461343009_1192835408691136_1967247047351173719_n.jpg?stp=dst-jpg_s150x150_tt6&efg=eyJ2ZW5jb2RlX3RhZyI6InByb2ZpbGVfcGljLmRqYW5nby42MzkuYzIifQ&_nc_ht=scontent-pnq1-1.cdninstagram.com&_nc_cat=104&_nc_oc=Q6cZ2QEwC1zN5nwEnRxeymaOEEDP2aL_5BFPckfahCR6I_s6tapS94KBZXb_6D0jkyAWDVg&_nc_ohc=S6xhRnPs8CcQ7kNvwG6zFGr&_nc_gid=KPf5NuEJm58Ywbzf5IaC7Q&edm=AI-cjbYBAAAA&ccb=7-5&oh=00_AfUPf6cybYXX0hTcJo2MopFiqdwuJwt8FtUwd6arbAIGCw&oe=689ADFE1&_nc_sid=0985b0,"07/08/2025, 23:28:02"
21898560457,mr.sebeer,18063204914244748,🙌,https://www.instagram.com/mr.sebeer,https://instagram.fdel3-2.fna.fbcdn.net/v/t51.2885-19/464760996_1254146839119862_3605321457742435801_n.png?stp=dst-jpg_e0_s150x150_tt6&cb=8577c754-c2464923&efg=eyJ2ZW5jb2RlX3RhZyI6InByb2ZpbGVfcGljLmRqYW5nby4xNTAuYzIifQ&_nc_ht=instagram.fdel3-2.fna.fbcdn.net&_nc_cat=1&_nc_oc=Q6cZ2QGoASJc3LqcPEFr7ibrbZGfGVtayKqIG1At_dj7f_JPzKyvksyNRxzdGVkwl31LSzN5_5I2jLruzs-8jaDtuB2d&_nc_ohc=2OvDo5jgcmcQ7kNvwFTDv37&_nc_gid=C_4cPE4S6GzxwIeYZHDKsA&edm=AEVnrqQBAAAA&ccb=7-5&ig_cache_key=YW5vbnltb3VzX3Byb2ZpbGVfcGlj.3-ccb7-5-cb8577c754-c2464923&oh=00_AfU4yMJDgVBSy8wpWLAHbevgpslmExRpfz6KPxKr1AZLKw&oe=689AAF68&_nc_sid=f8b7b3,"07/08/2025, 23:30:16"
2293394490,sahadvc555,18521844997016605,❤️,https://www.instagram.com/sahadvc555,https://scontent-pnq1-1.cdninstagram.com/v/t51.2885-19/122759337_360072551909323_2976131252819015407_n.jpg?stp=dst-jpg_s150x150_tt6&efg=eyJ2ZW5jb2RlX3RhZyI6InByb2ZpbGVfcGljLmRqYW5nby45NTYuYzIifQ&_nc_ht=scontent-pnq1-1.cdninstagram.com&_nc_cat=107&_nc_oc=Q6cZ2QEwC1zN5nwEnRxeymaOEEDP2aL_5BFPckfahCR6I_s6tapS94KBZXb_6D0jkyAWDVg&_nc_ohc=SJVWLx6J8JcQ7kNvwFp_V5L&_nc_gid=KPf5NuEJm58Ywbzf5IaC7Q&edm=AI-cjbYBAAAA&ccb=7-5&oh=00_AfVVNC32b16i2WKPkIXM8HThDmVPr1X_xEq3WlILyuJS0A&oe=689AC2CA&_nc_sid=0985b0,"07/08/2025, 23:31:19"
61493876611,appu_aq_n4,18086649040747370,11:11pm,https://www.instagram.com/appu_aq_n4,https://scontent-pnq1-1.cdninstagram.com/v/t51.2885-19/368567405_143611602080938_5538428950428402718_n.jpg?stp=dst-jpg_s150x150_tt6&efg=eyJ2ZW5jb2RlX3RhZyI6InByb2ZpbGVfcGljLmRqYW5nby4xMDgwLmMyIn0&_nc_ht=scontent-pnq1-1.cdninstagram.com&_nc_cat=110&_nc_oc=Q6cZ2QEwC1zN5nwEnRxeymaOEEDP2aL_5BFPckfahCR6I_s6tapS94KBZXb_6D0jkyAWDVg&_nc_ohc=rm6mmv5lUfQQ7kNvwFiGY1F&_nc_gid=KPf5NuEJm58Ywbzf5IaC7Q&edm=AI-cjbYBAAAA&ccb=7-5&oh=00_AfULHKC8SRSmUeZsFQvdKWyfooNkU5bIOSEJ7P_kKaK4Pg&oe=689ABD44&_nc_sid=0985b0,"07/08/2025, 23:31:46"
13006063682,anvar_anu5,18123159121466380,❤️,https://www.instagram.com/anvar_anu5,https://scontent-pnq1-1.cdninstagram.com/v/t51.2885-19/528650684_18132832453439683_8054328426702031116_n.jpg?stp=dst-jpg_s150x150_tt6&efg=eyJ2ZW5jb2RlX3RhZyI6InByb2ZpbGVfcGljLmRqYW5nby44MTAuYzIifQ&_nc_ht=scontent-pnq1-1.cdninstagram.com&_nc_cat=107&_nc_oc=Q6cZ2QEwC1zN5nwEnRxeymaOEEDP2aL_5BFPckfahCR6I_s6tapS94KBZXb_6D0jkyAWDVg&_nc_ohc=4vDhbSWjOk4Q7kNvwHypo2T&_nc_gid=KPf5NuEJm58Ywbzf5IaC7Q&edm=AI-cjbYBAAAA&ccb=7-5&oh=00_AfUiZlpOps8yxEah1KGvxAkuQqdlVywahleLy-zg4uznBw&oe=689AB73F&_nc_sid=0985b0,"07/08/2025, 23:33:26"
75386377319,mubeenacmcm,18024381047711251,😍😍😍,https://www.instagram.com/mubeenacmcm,https://instagram.fdel3-2.fna.fbcdn.net/v/t51.2885-19/464760996_1254146839119862_3605321457742435801_n.png?stp=dst-jpg_e0_s150x150_tt6&cb=8577c754-c2464923&efg=eyJ2ZW5jb2RlX3RhZyI6InByb2ZpbGVfcGljLmRqYW5nby4xNTAuYzIifQ&_nc_ht=instagram.fdel3-2.fna.fbcdn.net&_nc_cat=1&_nc_oc=Q6cZ2QGoASJc3LqcPEFr7ibrbZGfGVtayKqIG1At_dj7f_JPzKyvksyNRxzdGVkwl31LSzN5_5I2jLruzs-8jaDtuB2d&_nc_ohc=2OvDo5jgcmcQ7kNvwFTDv37&_nc_gid=C_4cPE4S6GzxwIeYZHDKsA&edm=AEVnrqQBAAAA&ccb=7-5&ig_cache_key=YW5vbnltb3VzX3Byb2ZpbGVfcGlj.3-ccb7-5-cb8577c754-c2464923&oh=00_AfU4yMJDgVBSy8wpWLAHbevgpslmExRpfz6KPxKr1AZLKw&oe=689AAF68&_nc_sid=f8b7b3,"07/08/2025, 23:34:34"
20766157067,nouf4n._,18519695218033147,❤️🔥,https://www.instagram.com/nouf4n._,https://scontent-pnq1-2.cdninstagram.com/v/t51.2885-19/451903379_1042448470645247_595799491068453814_n.jpg?stp=dst-jpg_s150x150_tt6&efg=eyJ2ZW5jb2RlX3RhZyI6InByb2ZpbGVfcGljLmRqYW5nby4xMDgwLmMyIn0&_nc_ht=scontent-pnq1-2.cdninstagram.com&_nc_cat=111&_nc_oc=Q6cZ2QEwC1zN5nwEnRxeymaOEEDP2aL_5BFPckfahCR6I_s6tapS94KBZXb_6D0jkyAWDVg&_nc_ohc=2iLexEHinhwQ7kNvwG81V37&_nc_gid=KPf5NuEJm58Ywbzf5IaC7Q&edm=AI-cjbYBAAAA&ccb=7-5&oh=00_AfXErxE1_k8I2za0DMuglS1PrDY5oGKRIQb09Gj3OUw6PA&oe=689ADBEB&_nc_sid=0985b0,"07/08/2025, 23:35:07"
52460365813,mr_habeeb19,18075741967795630,Good 😊❤️,https://www.instagram.com/mr_habeeb19,https://scontent-pnq1-2.cdninstagram.com/v/t51.2885-19/502594885_18010329383749814_4534589707968838459_n.jpg?stp=dst-jpg_s150x150_tt6&efg=eyJ2ZW5jb2RlX3RhZyI6InByb2ZpbGVfcGljLmRqYW5nby4xMDgwLmMyIn0&_nc_ht=scontent-pnq1-2.cdninstagram.com&_nc_cat=102&_nc_oc=Q6cZ2QEwC1zN5nwEnRxeymaOEEDP2aL_5BFPckfahCR6I_s6tapS94KBZXb_6D0jkyAWDVg&_nc_ohc=3Sz31IJ9U60Q7kNvwFyyG5Q&_nc_gid=KPf5NuEJm58Ywbzf5IaC7Q&edm=AI-cjbYBAAAA&ccb=7-5&oh=00_AfVHfKTXMJLDJEDH_Ce0JFQDVF0YEdwXp1hYQRZ7pTQ25A&oe=689ADA66&_nc_sid=0985b0,"07/08/2025, 23:36:04"
48152267327,lincymg,17932884123064068,Done🧚🏻,https://www.instagram.com/lincymg,https://scontent-pnq1-1.cdninstagram.com/v/t51.2885-19/300947242_131498716049077_1516686502549960897_n.jpg?stp=dst-jpg_s150x150_tt6&efg=eyJ2ZW5jb2RlX3RhZyI6InByb2ZpbGVfcGljLmRqYW5nby4xMDgwLmMyIn0&_nc_ht=scontent-pnq1-1.cdninstagram.com&_nc_cat=101&_nc_oc=Q6cZ2QEwC1zN5nwEnRxeymaOEEDP2aL_5BFPckfahCR6I_s6tapS94KBZXb_6D0jkyAWDVg&_nc_ohc=NpOn-EagZHgQ7kNvwFe21SI&_nc_gid=KPf5NuEJm58Ywbzf5IaC7Q&edm=AI-cjbYBAAAA&ccb=7-5&oh=00_AfU6epQNPrAr0QxlWbUcGuxhCLLEGylhdUg2sSCC9b6_kg&oe=689AC5C9&_nc_sid=0985b0,"07/08/2025, 23:37:32"
36169270247,shabieeeeee,18108544567540519,❤️,https://www.instagram.com/shabieeeeee,https://scontent-pnq1-2.cdninstagram.com/v/t51.2885-19/505153303_18057235679206248_4559858488178752843_n.jpg?stp=dst-jpg_s150x150_tt6&efg=eyJ2ZW5jb2RlX3RhZyI6InByb2ZpbGVfcGljLmRqYW5nby4xMDgwLmMyIn0&_nc_ht=scontent-pnq1-2.cdninstagram.com&_nc_cat=100&_nc_oc=Q6cZ2QEwC1zN5nwEnRxeymaOEEDP2aL_5BFPckfahCR6I_s6tapS94KBZXb_6D0jkyAWDVg&_nc_ohc=993hKvNYW24Q7kNvwFKK0Ks&_nc_gid=KPf5NuEJm58Ywbzf5IaC7Q&edm=AI-cjbYBAAAA&ccb=7-5&oh=00_AfWTyJ7JrbWZYBL6EYPKKWyK_qDLVA74fHsC6twB2q3-sA&oe=689ABD2F&_nc_sid=0985b0,"07/08/2025, 23:38:07"
36169270247,shabieeeeee,17922710871101611,🤍,https://www.instagram.com/shabieeeeee,https://scontent-pnq1-2.cdninstagram.com/v/t51.2885-19/505153303_18057235679206248_4559858488178752843_n.jpg?stp=dst-jpg_s150x150_tt6&efg=eyJ2ZW5jb2RlX3RhZyI6InByb2ZpbGVfcGljLmRqYW5nby4xMDgwLmMyIn0&_nc_ht=scontent-pnq1-2.cdninstagram.com&_nc_cat=100&_nc_oc=Q6cZ2QEwC1zN5nwEnRxeymaOEEDP2aL_5BFPckfahCR6I_s6tapS94KBZXb_6D0jkyAWDVg&_nc_ohc=993hKvNYW24Q7kNvwFKK0Ks&_nc_gid=KPf5NuEJm58Ywbzf5IaC7Q&edm=AI-cjbYBAAAA&ccb=7-5&oh=00_AfWTyJ7JrbWZYBL6EYPKKWyK_qDLVA74fHsC6twB2q3-sA&oe=689ABD2F&_nc_sid=0985b0,"07/08/2025, 23:38:08"
36169270247,shabieeeeee,17875908654389648,😍,https://www.instagram.com/shabieeeeee,https://scontent-pnq1-2.cdninstagram.com/v/t51.2885-19/505153303_18057235679206248_4559858488178752843_n.jpg?stp=dst-jpg_s150x150_tt6&efg=eyJ2ZW5jb2RlX3RhZyI6InByb2ZpbGVfcGljLmRqYW5nby4xMDgwLmMyIn0&_nc_ht=scontent-pnq1-2.cdninstagram.com&_nc_cat=100&_nc_oc=Q6cZ2QEwC1zN5nwEnRxeymaOEEDP2aL_5BFPckfahCR6I_s6tapS94KBZXb_6D0jkyAWDVg&_nc_ohc=993hKvNYW24Q7kNvwFKK0Ks&_nc_gid=KPf5NuEJm58Ywbzf5IaC7Q&edm=AI-cjbYBAAAA&ccb=7-5&oh=00_AfWTyJ7JrbWZYBL6EYPKKWyK_qDLVA74fHsC6twB2q3-sA&oe=689ABD2F&_nc_sid=0985b0,"07/08/2025, 23:38:09"
36169270247,shabieeeeee,18106917511558612,😍,https://www.instagram.com/shabieeeeee,https://scontent-pnq1-2.cdninstagram.com/v/t51.2885-19/505153303_18057235679206248_4559858488178752843_n.jpg?stp=dst-jpg_s150x150_tt6&efg=eyJ2ZW5jb2RlX3RhZyI6InByb2ZpbGVfcGljLmRqYW5nby4xMDgwLmMyIn0&_nc_ht=scontent-pnq1-2.cdninstagram.com&_nc_cat=100&_nc_oc=Q6cZ2QEwC1zN5nwEnRxeymaOEEDP2aL_5BFPckfahCR6I_s6tapS94KBZXb_6D0jkyAWDVg&_nc_ohc=993hKvNYW24Q7kNvwFKK0Ks&_nc_gid=KPf5NuEJm58Ywbzf5IaC7Q&edm=AI-cjbYBAAAA&ccb=7-5&oh=00_AfWTyJ7JrbWZYBL6EYPKKWyK_qDLVA74fHsC6twB2q3-sA&oe=689ABD2F&_nc_sid=0985b0,"07/08/2025, 23:38:09"